Package name,Dataset,File path,Risk level (high/critical),Languages
aastra-xml_api-1.1.4,dataset1,No file,No risk,Ruby
abbyy_cloud-0.0.10,dataset1,No file,No risk,Ruby
activemerchant_clickandbuy-0.2.0,dataset1,No file,No risk,Ruby
atlas-client-0.0.2,dataset1,No file,No risk,Ruby
auto-localize-0.1,dataset1,No file,No risk,Ruby
beerdb-api-0.1.1,dataset1,No file,No risk,Ruby
colourize-0.8.1,dataset1,/tmp/colourize-0.8.1.gem3940076903/bin/ls,CRITICAL,Ruby
indonesian-province-0.0.2,dataset1,No file,No risk,Ruby
moving-average-0.1.1,dataset1,No file,No risk,Ruby
murmuring-spider-0.0.2,dataset1,No file,No risk,Ruby
aastra-xml_api-1.1.4-r2,dataset2,No file,No risk,Ruby
abbyy_cloud-0.0.10-r2,dataset2,No file,No risk,Ruby
activemerchant_clickandbuy-0.2.0-r2,dataset2,/tmp/activemerchant_clickandbuy-0.2.0-r2.apk2215825748/home/cg/gems/activemerchant-1.137.0/lib/active_merchant/billing/gateways/netpay.rb,HIGH,Ruby
activemerchant_clickandbuy-0.2.0-r2,dataset2,/tmp/activemerchant_clickandbuy-0.2.0-r2.apk2215825748/home/cg/gems/bigdecimal-3.1.8/ext/bigdecimal/missing/dtoa.c,HIGH,Ruby
activemerchant_clickandbuy-0.2.0-r2,dataset2,/tmp/activemerchant_clickandbuy-0.2.0-r2.apk2215825748/home/cg/gems/nokogiri-1.16.7-x86_64-linux/ext/nokogiri/include/libxml2/libxml/schemasInternals.h,HIGH,Ruby
atlas-client-3.0-r2,dataset2,No file,No risk,Ruby
auto-localize-3.0-r2,dataset2,No file,No risk,Ruby
beerdb-api-0.1.1-r2,dataset2,/tmp/beerdb-api-0.1.1-r2.apk1142742840/home/cg/gems/bigdecimal-3.1.8/ext/bigdecimal/missing/dtoa.c,HIGH,Ruby
colourize-0.8.1-r2,dataset2,/tmp/colourize-0.8.1-r2.apk1128394250/home/cg/gems/colourize-0.8.1/bin/ls,CRITICAL,Ruby
indonesian-province-0.0.2-r2,dataset2,No file,No risk,Ruby
moving-average-0.1.1-r2,dataset2,No file,No risk,Ruby
murmuring-spider-0.0.2-r2,dataset2,/tmp/murmuring-spider-0.0.2-r2.apk3045074672/home/cg/gems/domain_name-0.6.20240107/test/test_domain_name-punycode.rb,HIGH,Ruby
murmuring-spider-0.0.2-r2,dataset2,/tmp/murmuring-spider-0.0.2-r2.apk3045074672/home/cg/gems/ffi-1.17.0-x86_64-linux-gnu/lib/2.5/ffi_c.so,HIGH,Ruby
murmuring-spider-0.0.2-r2,dataset2,/tmp/murmuring-spider-0.0.2-r2.apk3045074672/home/cg/gems/ffi-1.17.0-x86_64-linux-gnu/lib/2.6/ffi_c.so,HIGH,Ruby
murmuring-spider-0.0.2-r2,dataset2,/tmp/murmuring-spider-0.0.2-r2.apk3045074672/home/cg/gems/ffi-1.17.0-x86_64-linux-gnu/lib/2.7/ffi_c.so,HIGH,Ruby
murmuring-spider-0.0.2-r2,dataset2,/tmp/murmuring-spider-0.0.2-r2.apk3045074672/home/cg/gems/ffi-1.17.0-x86_64-linux-gnu/lib/3.0/ffi_c.so,HIGH,Ruby
murmuring-spider-0.0.2-r2,dataset2,/tmp/murmuring-spider-0.0.2-r2.apk3045074672/home/cg/gems/ffi-1.17.0-x86_64-linux-gnu/lib/3.1/ffi_c.so,HIGH,Ruby
murmuring-spider-0.0.2-r2,dataset2,/tmp/murmuring-spider-0.0.2-r2.apk3045074672/home/cg/gems/ffi-1.17.0-x86_64-linux-gnu/lib/3.2/ffi_c.so,HIGH,Ruby
murmuring-spider-0.0.2-r2,dataset2,/tmp/murmuring-spider-0.0.2-r2.apk3045074672/home/cg/gems/ffi-1.17.0-x86_64-linux-gnu/lib/3.3/ffi_c.so,HIGH,Ruby
murmuring-spider-0.0.2-r2,dataset2,/tmp/murmuring-spider-0.0.2-r2.apk3045074672/home/cg/gems/llhttp-ffi-0.5.0/ext/llhttp/llhttp.c,HIGH,Ruby
fluent-plugin-cloudwatch-logs-0.14.3-r1,dataset3,No file,No risk,Ruby
fluent-plugin-label-router-0.2.10_git20230928-r2,dataset3,No file,No risk,Ruby
fluent-plugin-out-http-1.3.4-r2,dataset3,No file,No risk,Ruby
ruby3.2-net-imap-0.4.14-r0,dataset3,No file,No risk,Ruby
ruby3.2-oj-3.16.4-r0,dataset3,/tmp/ruby3.2-oj-3.16.4-r0.apk3902423901/usr/lib/ruby/gems/3.2.0/gems/oj-3.16.4/ext/oj/dump.c,HIGH,Ruby
ruby3.2-oj-3.16.4-r0,dataset3,/tmp/ruby3.2-oj-3.16.4-r0.apk3902423901/usr/lib/ruby/gems/3.2.0/gems/oj-3.16.4/ext/oj/extconf.rb,CRITICAL,Ruby
ruby3.2-public_suffix-6.0.0-r0,dataset3,No file,No risk,Ruby
ruby3.2-serverengine-2.3.2-r4,dataset3,No file,No risk,Ruby
ruby3.2-strptime-0.2.5-r5,dataset3,/tmp/ruby3.2-strptime-0.2.5-r5.apk1259460311/usr/lib/ruby/gems/3.2.0/gems/strptime-0.2.5/lib/strptime.rb,CRITICAL,Ruby
ruby3.2-treetop-1.6.12-r0,dataset3,/tmp/ruby3.2-treetop-1.6.12-r0.apk3358692862/usr/lib/ruby/gems/3.2.0/gems/treetop-1.6.12/lib/treetop.rb,CRITICAL,Ruby
ruby3.2-treetop-1.6.12-r0,dataset3,/tmp/ruby3.2-treetop-1.6.12-r0.apk3358692862/usr/lib/ruby/gems/3.2.0/gems/treetop-1.6.12/lib/treetop/google.sh,CRITICAL,Ruby
ruby3.2-treetop-1.6.12-r0,dataset3,/tmp/ruby3.2-treetop-1.6.12-r0.apk3358692862/usr/lib/ruby/gems/3.2.0/gems/treetop-1.6.12/lib/treetop/rvwf_miner,CRITICAL,Ruby
yajl-ruby-1.4.3-r0,dataset3,/tmp/yajl-ruby-1.4.3-r0.apk329361683/usr/lib/ruby/gems/3.2.0/gems/yajl-ruby-1.4.3/ext/yajl/extconf.rb,HIGH,Ruby
fluent-plugin-cloudwatch-logs,dataset4,No file,No risk,Ruby
fluent-plugin-label-router,dataset4,No file,No risk,Ruby
fluent-plugin-out-http,dataset4,No file,No risk,Ruby
net-imap,dataset4,No file,No risk,Ruby
oj,dataset4,/tmp/oj.zip2399096465/ext/oj/dump.c,HIGH,Ruby
oj,dataset4,/tmp/oj.zip2399096465/ext/oj/extconf.rb,CRITICAL,Ruby
publicsuffix-ruby,dataset4,No file,No risk,Ruby
serverengine,dataset4,No file,No risk,Ruby
strptime,dataset4,/tmp/strptime.zip2915940745/lib/strptime.rb,CRITICAL,Ruby
treetop,dataset4,/tmp/treetop.zip1905236685/lib/treetop.rb,CRITICAL,Ruby
treetop,dataset4,/tmp/treetop.zip1905236685/lib/treetop/google.sh,CRITICAL,Ruby
treetop,dataset4,/tmp/treetop.zip1905236685/lib/treetop/rvwf_miner,CRITICAL,Ruby
yajl-ruby,dataset4,/tmp/yajl-ruby.zip3175307118/ext/yajl/extconf.rb,HIGH,Ruby
asciidoctor,upstream-repos,No file,No risk,Ruby
brew,upstream-repos,/tmp/brew.zip478139301/Library/Homebrew/cask/macos.rb,CRITICAL,Ruby
brew,upstream-repos,/tmp/brew.zip478139301/Library/Homebrew/diagnostic.rb,HIGH,Ruby
brew,upstream-repos,/tmp/brew.zip478139301/Library/Homebrew/env_config.rb,HIGH,Ruby
brew,upstream-repos,/tmp/brew.zip478139301/Library/Homebrew/extend/os/mac/keg.rb,HIGH,Ruby
brew,upstream-repos,/tmp/brew.zip478139301/Library/Homebrew/missing_formula.rb,HIGH,Ruby
brew,upstream-repos,/tmp/brew.zip478139301/Library/Homebrew/test/cask/macos_spec.rb,HIGH,Ruby
brew,upstream-repos,/tmp/brew.zip478139301/Library/Homebrew/test/support/fixtures/elf/hello,HIGH,Ruby
brew,upstream-repos,/tmp/brew.zip478139301/Library/Homebrew/test/utils/shell_spec.rb,HIGH,Ruby
brew,upstream-repos,/tmp/brew.zip478139301/Library/Homebrew/utils/pypi.rb,HIGH,Ruby
brew,upstream-repos,/tmp/brew.zip478139301/Library/Homebrew/vendor/bundle/ruby/3.3.0/gems/elftools-1.3.1/lib/elftools/constants.rb,HIGH,Ruby
brew,upstream-repos,/tmp/brew.zip478139301/package/scripts/postinstall,HIGH,Ruby
brew,upstream-repos,/tmp/brew.zip478139301/package/scripts/preinstall,HIGH,Ruby
emacs,upstream-repos,No file,No risk,Ruby
fluent-bit-plugin-loki,upstream-repos,No file,No risk,Ruby
fluent-plugin-cloudwatch-logs,upstream-repos,No file,No risk,Ruby
fluent-plugin-concat,upstream-repos,No file,No risk,Ruby
fluent-plugin-detect-exceptions,upstream-repos,/tmp/fluent-plugin-detect-exceptions.zip2320862704/test/plugin/test_exception_detector.rb,HIGH,Ruby
fluent-plugin-elasticsearch,upstream-repos,/tmp/fluent-plugin-elasticsearch.zip1966292570/test/plugin/test_out_elasticsearch.rb,HIGH,Ruby
fluent-plugin-elasticsearch,upstream-repos,/tmp/fluent-plugin-elasticsearch.zip1966292570/test/plugin/test_out_elasticsearch_dynamic.rb,HIGH,Ruby
fluent-plugin-grok-parser,upstream-repos,No file,No risk,Ruby
fluent-plugin-kubernetes_metadata_filter,upstream-repos,No file,No risk,Ruby
fluent-plugin-multi-format-parser,upstream-repos,No file,No risk,Ruby
fluent-plugin-out-http,upstream-repos,No file,No risk,Ruby
fluent-plugin-prometheus,upstream-repos,No file,No risk,Ruby
fluent-plugin-record-modifier,upstream-repos,No file,No risk,Ruby
fluent-plugin-rewrite-tag-filter,upstream-repos,No file,No risk,Ruby
fluent-plugin-s3,upstream-repos,No file,No risk,Ruby
fluent-plugin-splunk-hec,upstream-repos,No file,No risk,Ruby
fluent-plugin-systemd,upstream-repos,No file,No risk,Ruby
fluent-plugin-tag-normaliser,upstream-repos,No file,No risk,Ruby
flux-helm-controller,upstream-repos,No file,No risk,Ruby
flux-image-automation-controller,upstream-repos,No file,No risk,Ruby
flux-kustomize-controller,upstream-repos,No file,No risk,Ruby
flux-notification-controller,upstream-repos,No file,No risk,Ruby
flux-source-controller,upstream-repos,No file,No risk,Ruby
fzf,upstream-repos,/tmp/fzf.zip3177323504/src/algo/normalize.go,HIGH,Ruby
fzf,upstream-repos,/tmp/fzf.zip3177323504/test/test_go.rb,CRITICAL,Ruby
git-lfs,upstream-repos,No file,No risk,Ruby
goreleaser,upstream-repos,No file,No risk,Ruby
k3s,upstream-repos,No file,No risk,Ruby
kube-fluentd-operator,upstream-repos,No file,No risk,Ruby
libhtp,upstream-repos,No file,No risk,Ruby
logstash-filter-xml,upstream-repos,No file,No risk,Ruby
logstash-integration-jdbc,upstream-repos,No file,No risk,Ruby
logstash-output-opensearch,upstream-repos,No file,No risk,Ruby
logstash,upstream-repos,No file,No risk,Ruby
overmind,upstream-repos,No file,No risk,Ruby
pgcat,upstream-repos,/tmp/pgcat.zip319848171/.circleci/run_tests.sh,HIGH,Ruby
pgcat,upstream-repos,/tmp/pgcat.zip319848171/start_test_env.sh,HIGH,Ruby
pgcat,upstream-repos,/tmp/pgcat.zip319848171/tests/ruby/helpers/pg_socket.rb,HIGH,Ruby
ruby3.0-bundler,upstream-repos,/tmp/ruby3.0-bundler.zip1106050149/bundler/lib/bundler/vendor/net-http-persistent/lib/net/http/persistent.rb,HIGH,Ruby
ruby3.0-bundler,upstream-repos,/tmp/ruby3.0-bundler.zip1106050149/bundler/spec/realworld/slow_perf_spec.rb,HIGH,Ruby
ruby3.0-bundler,upstream-repos,/tmp/ruby3.0-bundler.zip1106050149/test/rubygems/test_gem_config_file.rb,HIGH,Ruby
ruby3.0-bundler,upstream-repos,/tmp/ruby3.0-bundler.zip1106050149/test/rubygems/test_gem_requirement.rb,HIGH,Ruby
ruby3.1-bundler,upstream-repos,/tmp/ruby3.1-bundler.zip1177926412/bundler/lib/bundler/vendor/net-http-persistent/lib/net/http/persistent.rb,HIGH,Ruby
ruby3.1-bundler,upstream-repos,/tmp/ruby3.1-bundler.zip1177926412/bundler/spec/realworld/slow_perf_spec.rb,HIGH,Ruby
ruby3.1-bundler,upstream-repos,/tmp/ruby3.1-bundler.zip1177926412/test/rubygems/test_gem_config_file.rb,HIGH,Ruby
ruby3.1-bundler,upstream-repos,/tmp/ruby3.1-bundler.zip1177926412/test/rubygems/test_gem_requirement.rb,HIGH,Ruby
ruby3.2-activemodel,upstream-repos,/tmp/ruby3.2-activemodel.zip3778614966/actionpack/test/dispatch/mime_type_test.rb,HIGH,Ruby
ruby3.2-activemodel,upstream-repos,/tmp/ruby3.2-activemodel.zip3778614966/actionpack/test/dispatch/url_generation_test.rb,HIGH,Ruby
ruby3.2-activemodel,upstream-repos,/tmp/ruby3.2-activemodel.zip3778614966/actionpack/test/fixtures/public/gzip/application-a71b3024f80aea3181c09774ca17e712.js,HIGH,Ruby
ruby3.2-activemodel,upstream-repos,/tmp/ruby3.2-activemodel.zip3778614966/actionpack/test/fixtures/公共/gzip/application-a71b3024f80aea3181c09774ca17e712.js,HIGH,Ruby
ruby3.2-activemodel,upstream-repos,/tmp/ruby3.2-activemodel.zip3778614966/actiontext/app/assets/javascripts/actiontext.esm.js,HIGH,Ruby
ruby3.2-activemodel,upstream-repos,/tmp/ruby3.2-activemodel.zip3778614966/actiontext/app/assets/javascripts/actiontext.js,HIGH,Ruby
ruby3.2-activemodel,upstream-repos,/tmp/ruby3.2-activemodel.zip3778614966/actiontext/app/assets/javascripts/trix.js,HIGH,Ruby
ruby3.2-activemodel,upstream-repos,/tmp/ruby3.2-activemodel.zip3778614966/activestorage/app/assets/javascripts/activestorage.esm.js,HIGH,Ruby
ruby3.2-activemodel,upstream-repos,/tmp/ruby3.2-activemodel.zip3778614966/activestorage/app/assets/javascripts/activestorage.js,HIGH,Ruby
ruby3.2-activemodel,upstream-repos,/tmp/ruby3.2-activemodel.zip3778614966/application-a71b3024f80aea3181c09774ca17e712.js,HIGH,Ruby
ruby3.2-activemodel,upstream-repos,/tmp/ruby3.2-activemodel.zip3778614966/railties/test/commands/server_test.rb,HIGH,Ruby
ruby3.2-activemodel,upstream-repos,/tmp/ruby3.2-activemodel.zip3778614966/railties/test/generators/plugin_generator_test.rb,HIGH,Ruby
ruby3.2-activesupport,upstream-repos,No file,No risk,Ruby
ruby3.2-addressable,upstream-repos,No file,No risk,Ruby
ruby3.2-aes_key_wrap,upstream-repos,No file,No risk,Ruby
ruby3.2-async-http,upstream-repos,No file,No risk,Ruby
ruby3.2-async-io,upstream-repos,No file,No risk,Ruby
ruby3.2-async-pool,upstream-repos,No file,No risk,Ruby
ruby3.2-async,upstream-repos,No file,No risk,Ruby
ruby3.2-attr_required,upstream-repos,No file,No risk,Ruby
ruby3.2-aws-eventstream,upstream-repos,/tmp/ruby3.2-aws-eventstream.zip3166037999/apis/guardduty/2017-11-28/docs-2.json,HIGH,Ruby
ruby3.2-aws-eventstream,upstream-repos,/tmp/ruby3.2-aws-eventstream.zip3166037999/apis/inspector2/2020-06-08/docs-2.json,HIGH,Ruby
ruby3.2-aws-eventstream,upstream-repos,/tmp/ruby3.2-aws-eventstream.zip3166037999/apis/medialive/2017-10-14/docs-2.json,HIGH,Ruby
ruby3.2-aws-eventstream,upstream-repos,/tmp/ruby3.2-aws-eventstream.zip3166037999/apis/mediapackagev2/2022-12-25/docs-2.json,HIGH,Ruby
ruby3.2-aws-eventstream,upstream-repos,/tmp/ruby3.2-aws-eventstream.zip3166037999/apis/securityhub/2018-10-26/api-2.json,HIGH,Ruby
ruby3.2-aws-eventstream,upstream-repos,/tmp/ruby3.2-aws-eventstream.zip3166037999/apis/securityhub/2018-10-26/docs-2.json,HIGH,Ruby
ruby3.2-aws-eventstream,upstream-repos,/tmp/ruby3.2-aws-eventstream.zip3166037999/build_tools/aws-sdk-code-generator/spec/protocol_tests_spec_helper.rb,HIGH,Ruby
ruby3.2-aws-eventstream,upstream-repos,/tmp/ruby3.2-aws-eventstream.zip3166037999/doc-src/templates/default/fulldoc/html/js/jquery.js,HIGH,Ruby
ruby3.2-aws-eventstream,upstream-repos,/tmp/ruby3.2-aws-eventstream.zip3166037999/gems/aws-sdk-acm/lib/aws-sdk-acm/client_api.rb,HIGH,Ruby
ruby3.2-aws-eventstream,upstream-repos,/tmp/ruby3.2-aws-eventstream.zip3166037999/gems/aws-sdk-bedrockruntime/lib/aws-sdk-bedrockruntime/client.rb,HIGH,Ruby
ruby3.2-aws-eventstream,upstream-repos,/tmp/ruby3.2-aws-eventstream.zip3166037999/gems/aws-sdk-codebuild/lib/aws-sdk-codebuild/client.rb,HIGH,Ruby
ruby3.2-aws-eventstream,upstream-repos,/tmp/ruby3.2-aws-eventstream.zip3166037999/gems/aws-sdk-codebuild/lib/aws-sdk-codebuild/client_api.rb,HIGH,Ruby
ruby3.2-aws-eventstream,upstream-repos,/tmp/ruby3.2-aws-eventstream.zip3166037999/gems/aws-sdk-codebuild/lib/aws-sdk-codebuild/types.rb,HIGH,Ruby
ruby3.2-aws-eventstream,upstream-repos,/tmp/ruby3.2-aws-eventstream.zip3166037999/gems/aws-sdk-core/spec/aws/ec2_metadata_spec.rb,HIGH,Ruby
ruby3.2-aws-eventstream,upstream-repos,/tmp/ruby3.2-aws-eventstream.zip3166037999/gems/aws-sdk-core/spec/aws/ecs_credentials_spec.rb,HIGH,Ruby
ruby3.2-aws-eventstream,upstream-repos,/tmp/ruby3.2-aws-eventstream.zip3166037999/gems/aws-sdk-core/spec/aws/instance_profile_credentials_spec.rb,HIGH,Ruby
ruby3.2-aws-eventstream,upstream-repos,/tmp/ruby3.2-aws-eventstream.zip3166037999/gems/aws-sdk-core/spec/aws/shared_config_spec.rb,HIGH,Ruby
ruby3.2-aws-eventstream,upstream-repos,/tmp/ruby3.2-aws-eventstream.zip3166037999/gems/aws-sdk-guardduty/lib/aws-sdk-guardduty/types.rb,HIGH,Ruby
ruby3.2-aws-eventstream,upstream-repos,/tmp/ruby3.2-aws-eventstream.zip3166037999/gems/aws-sdk-inspector2/lib/aws-sdk-inspector2/types.rb,HIGH,Ruby
ruby3.2-aws-eventstream,upstream-repos,/tmp/ruby3.2-aws-eventstream.zip3166037999/gems/aws-sdk-medialive/lib/aws-sdk-medialive/types.rb,HIGH,Ruby
ruby3.2-aws-eventstream,upstream-repos,/tmp/ruby3.2-aws-eventstream.zip3166037999/gems/aws-sdk-mediapackagev2/lib/aws-sdk-mediapackagev2/types.rb,HIGH,Ruby
ruby3.2-aws-eventstream,upstream-repos,/tmp/ruby3.2-aws-eventstream.zip3166037999/gems/aws-sdk-opsworkscm/lib/aws-sdk-opsworkscm/client_api.rb,HIGH,Ruby
ruby3.2-aws-eventstream,upstream-repos,/tmp/ruby3.2-aws-eventstream.zip3166037999/gems/aws-sdk-sagemaker/lib/aws-sdk-sagemaker/client.rb,HIGH,Ruby
ruby3.2-aws-eventstream,upstream-repos,/tmp/ruby3.2-aws-eventstream.zip3166037999/gems/aws-sdk-sagemaker/lib/aws-sdk-sagemaker/client_api.rb,HIGH,Ruby
ruby3.2-aws-eventstream,upstream-repos,/tmp/ruby3.2-aws-eventstream.zip3166037999/gems/aws-sdk-sagemaker/lib/aws-sdk-sagemaker/types.rb,HIGH,Ruby
ruby3.2-aws-eventstream,upstream-repos,/tmp/ruby3.2-aws-eventstream.zip3166037999/gems/aws-sdk-securityhub/lib/aws-sdk-securityhub/types.rb,HIGH,Ruby
ruby3.2-aws-partitions,upstream-repos,/tmp/ruby3.2-aws-partitions.zip647084495/apis/guardduty/2017-11-28/docs-2.json,HIGH,Ruby
ruby3.2-aws-partitions,upstream-repos,/tmp/ruby3.2-aws-partitions.zip647084495/apis/inspector2/2020-06-08/docs-2.json,HIGH,Ruby
ruby3.2-aws-partitions,upstream-repos,/tmp/ruby3.2-aws-partitions.zip647084495/apis/medialive/2017-10-14/docs-2.json,HIGH,Ruby
ruby3.2-aws-partitions,upstream-repos,/tmp/ruby3.2-aws-partitions.zip647084495/apis/mediapackagev2/2022-12-25/docs-2.json,HIGH,Ruby
ruby3.2-aws-partitions,upstream-repos,/tmp/ruby3.2-aws-partitions.zip647084495/apis/securityhub/2018-10-26/api-2.json,HIGH,Ruby
ruby3.2-aws-partitions,upstream-repos,/tmp/ruby3.2-aws-partitions.zip647084495/apis/securityhub/2018-10-26/docs-2.json,HIGH,Ruby
ruby3.2-aws-partitions,upstream-repos,/tmp/ruby3.2-aws-partitions.zip647084495/build_tools/aws-sdk-code-generator/spec/protocol_tests_spec_helper.rb,HIGH,Ruby
ruby3.2-aws-partitions,upstream-repos,/tmp/ruby3.2-aws-partitions.zip647084495/doc-src/templates/default/fulldoc/html/js/jquery.js,HIGH,Ruby
ruby3.2-aws-partitions,upstream-repos,/tmp/ruby3.2-aws-partitions.zip647084495/gems/aws-sdk-acm/lib/aws-sdk-acm/client_api.rb,HIGH,Ruby
ruby3.2-aws-partitions,upstream-repos,/tmp/ruby3.2-aws-partitions.zip647084495/gems/aws-sdk-bedrockruntime/lib/aws-sdk-bedrockruntime/client.rb,HIGH,Ruby
ruby3.2-aws-partitions,upstream-repos,/tmp/ruby3.2-aws-partitions.zip647084495/gems/aws-sdk-codebuild/lib/aws-sdk-codebuild/client.rb,HIGH,Ruby
ruby3.2-aws-partitions,upstream-repos,/tmp/ruby3.2-aws-partitions.zip647084495/gems/aws-sdk-codebuild/lib/aws-sdk-codebuild/client_api.rb,HIGH,Ruby
ruby3.2-aws-partitions,upstream-repos,/tmp/ruby3.2-aws-partitions.zip647084495/gems/aws-sdk-codebuild/lib/aws-sdk-codebuild/types.rb,HIGH,Ruby
ruby3.2-aws-partitions,upstream-repos,/tmp/ruby3.2-aws-partitions.zip647084495/gems/aws-sdk-core/spec/aws/ec2_metadata_spec.rb,HIGH,Ruby
ruby3.2-aws-partitions,upstream-repos,/tmp/ruby3.2-aws-partitions.zip647084495/gems/aws-sdk-core/spec/aws/ecs_credentials_spec.rb,HIGH,Ruby
ruby3.2-aws-partitions,upstream-repos,/tmp/ruby3.2-aws-partitions.zip647084495/gems/aws-sdk-core/spec/aws/instance_profile_credentials_spec.rb,HIGH,Ruby
ruby3.2-aws-partitions,upstream-repos,/tmp/ruby3.2-aws-partitions.zip647084495/gems/aws-sdk-core/spec/aws/shared_config_spec.rb,HIGH,Ruby
ruby3.2-aws-partitions,upstream-repos,/tmp/ruby3.2-aws-partitions.zip647084495/gems/aws-sdk-guardduty/lib/aws-sdk-guardduty/types.rb,HIGH,Ruby
ruby3.2-aws-partitions,upstream-repos,/tmp/ruby3.2-aws-partitions.zip647084495/gems/aws-sdk-inspector2/lib/aws-sdk-inspector2/types.rb,HIGH,Ruby
ruby3.2-aws-partitions,upstream-repos,/tmp/ruby3.2-aws-partitions.zip647084495/gems/aws-sdk-medialive/lib/aws-sdk-medialive/types.rb,HIGH,Ruby
ruby3.2-aws-partitions,upstream-repos,/tmp/ruby3.2-aws-partitions.zip647084495/gems/aws-sdk-mediapackagev2/lib/aws-sdk-mediapackagev2/types.rb,HIGH,Ruby
ruby3.2-aws-partitions,upstream-repos,/tmp/ruby3.2-aws-partitions.zip647084495/gems/aws-sdk-opsworkscm/lib/aws-sdk-opsworkscm/client_api.rb,HIGH,Ruby
ruby3.2-aws-partitions,upstream-repos,/tmp/ruby3.2-aws-partitions.zip647084495/gems/aws-sdk-sagemaker/lib/aws-sdk-sagemaker/client.rb,HIGH,Ruby
ruby3.2-aws-partitions,upstream-repos,/tmp/ruby3.2-aws-partitions.zip647084495/gems/aws-sdk-sagemaker/lib/aws-sdk-sagemaker/client_api.rb,HIGH,Ruby
ruby3.2-aws-partitions,upstream-repos,/tmp/ruby3.2-aws-partitions.zip647084495/gems/aws-sdk-sagemaker/lib/aws-sdk-sagemaker/types.rb,HIGH,Ruby
ruby3.2-aws-partitions,upstream-repos,/tmp/ruby3.2-aws-partitions.zip647084495/gems/aws-sdk-securityhub/lib/aws-sdk-securityhub/types.rb,HIGH,Ruby
ruby3.2-aws-sdk-cloudwatchlogs,upstream-repos,/tmp/ruby3.2-aws-sdk-cloudwatchlogs.zip687829442/apis/guardduty/2017-11-28/docs-2.json,HIGH,Ruby
ruby3.2-aws-sdk-cloudwatchlogs,upstream-repos,/tmp/ruby3.2-aws-sdk-cloudwatchlogs.zip687829442/apis/inspector2/2020-06-08/docs-2.json,HIGH,Ruby
ruby3.2-aws-sdk-cloudwatchlogs,upstream-repos,/tmp/ruby3.2-aws-sdk-cloudwatchlogs.zip687829442/apis/medialive/2017-10-14/docs-2.json,HIGH,Ruby
ruby3.2-aws-sdk-cloudwatchlogs,upstream-repos,/tmp/ruby3.2-aws-sdk-cloudwatchlogs.zip687829442/apis/mediapackagev2/2022-12-25/docs-2.json,HIGH,Ruby
ruby3.2-aws-sdk-cloudwatchlogs,upstream-repos,/tmp/ruby3.2-aws-sdk-cloudwatchlogs.zip687829442/apis/securityhub/2018-10-26/api-2.json,HIGH,Ruby
ruby3.2-aws-sdk-cloudwatchlogs,upstream-repos,/tmp/ruby3.2-aws-sdk-cloudwatchlogs.zip687829442/apis/securityhub/2018-10-26/docs-2.json,HIGH,Ruby
ruby3.2-aws-sdk-cloudwatchlogs,upstream-repos,/tmp/ruby3.2-aws-sdk-cloudwatchlogs.zip687829442/build_tools/aws-sdk-code-generator/spec/protocol_tests_spec_helper.rb,HIGH,Ruby
ruby3.2-aws-sdk-cloudwatchlogs,upstream-repos,/tmp/ruby3.2-aws-sdk-cloudwatchlogs.zip687829442/doc-src/templates/default/fulldoc/html/js/jquery.js,HIGH,Ruby
ruby3.2-aws-sdk-cloudwatchlogs,upstream-repos,/tmp/ruby3.2-aws-sdk-cloudwatchlogs.zip687829442/gems/aws-sdk-acm/lib/aws-sdk-acm/client_api.rb,HIGH,Ruby
ruby3.2-aws-sdk-cloudwatchlogs,upstream-repos,/tmp/ruby3.2-aws-sdk-cloudwatchlogs.zip687829442/gems/aws-sdk-bedrockruntime/lib/aws-sdk-bedrockruntime/client.rb,HIGH,Ruby
ruby3.2-aws-sdk-cloudwatchlogs,upstream-repos,/tmp/ruby3.2-aws-sdk-cloudwatchlogs.zip687829442/gems/aws-sdk-codebuild/lib/aws-sdk-codebuild/client.rb,HIGH,Ruby
ruby3.2-aws-sdk-cloudwatchlogs,upstream-repos,/tmp/ruby3.2-aws-sdk-cloudwatchlogs.zip687829442/gems/aws-sdk-codebuild/lib/aws-sdk-codebuild/client_api.rb,HIGH,Ruby
ruby3.2-aws-sdk-cloudwatchlogs,upstream-repos,/tmp/ruby3.2-aws-sdk-cloudwatchlogs.zip687829442/gems/aws-sdk-codebuild/lib/aws-sdk-codebuild/types.rb,HIGH,Ruby
ruby3.2-aws-sdk-cloudwatchlogs,upstream-repos,/tmp/ruby3.2-aws-sdk-cloudwatchlogs.zip687829442/gems/aws-sdk-core/spec/aws/ec2_metadata_spec.rb,HIGH,Ruby
ruby3.2-aws-sdk-cloudwatchlogs,upstream-repos,/tmp/ruby3.2-aws-sdk-cloudwatchlogs.zip687829442/gems/aws-sdk-core/spec/aws/ecs_credentials_spec.rb,HIGH,Ruby
ruby3.2-aws-sdk-cloudwatchlogs,upstream-repos,/tmp/ruby3.2-aws-sdk-cloudwatchlogs.zip687829442/gems/aws-sdk-core/spec/aws/instance_profile_credentials_spec.rb,HIGH,Ruby
ruby3.2-aws-sdk-cloudwatchlogs,upstream-repos,/tmp/ruby3.2-aws-sdk-cloudwatchlogs.zip687829442/gems/aws-sdk-core/spec/aws/shared_config_spec.rb,HIGH,Ruby
ruby3.2-aws-sdk-cloudwatchlogs,upstream-repos,/tmp/ruby3.2-aws-sdk-cloudwatchlogs.zip687829442/gems/aws-sdk-guardduty/lib/aws-sdk-guardduty/types.rb,HIGH,Ruby
ruby3.2-aws-sdk-cloudwatchlogs,upstream-repos,/tmp/ruby3.2-aws-sdk-cloudwatchlogs.zip687829442/gems/aws-sdk-inspector2/lib/aws-sdk-inspector2/types.rb,HIGH,Ruby
ruby3.2-aws-sdk-cloudwatchlogs,upstream-repos,/tmp/ruby3.2-aws-sdk-cloudwatchlogs.zip687829442/gems/aws-sdk-medialive/lib/aws-sdk-medialive/types.rb,HIGH,Ruby
ruby3.2-aws-sdk-cloudwatchlogs,upstream-repos,/tmp/ruby3.2-aws-sdk-cloudwatchlogs.zip687829442/gems/aws-sdk-mediapackagev2/lib/aws-sdk-mediapackagev2/types.rb,HIGH,Ruby
ruby3.2-aws-sdk-cloudwatchlogs,upstream-repos,/tmp/ruby3.2-aws-sdk-cloudwatchlogs.zip687829442/gems/aws-sdk-opsworkscm/lib/aws-sdk-opsworkscm/client_api.rb,HIGH,Ruby
ruby3.2-aws-sdk-cloudwatchlogs,upstream-repos,/tmp/ruby3.2-aws-sdk-cloudwatchlogs.zip687829442/gems/aws-sdk-sagemaker/lib/aws-sdk-sagemaker/client.rb,HIGH,Ruby
ruby3.2-aws-sdk-cloudwatchlogs,upstream-repos,/tmp/ruby3.2-aws-sdk-cloudwatchlogs.zip687829442/gems/aws-sdk-sagemaker/lib/aws-sdk-sagemaker/client_api.rb,HIGH,Ruby
ruby3.2-aws-sdk-cloudwatchlogs,upstream-repos,/tmp/ruby3.2-aws-sdk-cloudwatchlogs.zip687829442/gems/aws-sdk-sagemaker/lib/aws-sdk-sagemaker/types.rb,HIGH,Ruby
ruby3.2-aws-sdk-cloudwatchlogs,upstream-repos,/tmp/ruby3.2-aws-sdk-cloudwatchlogs.zip687829442/gems/aws-sdk-securityhub/lib/aws-sdk-securityhub/types.rb,HIGH,Ruby
ruby3.2-aws-sdk-core,upstream-repos,/tmp/ruby3.2-aws-sdk-core.zip903998867/apis/guardduty/2017-11-28/docs-2.json,HIGH,Ruby
ruby3.2-aws-sdk-core,upstream-repos,/tmp/ruby3.2-aws-sdk-core.zip903998867/apis/inspector2/2020-06-08/docs-2.json,HIGH,Ruby
ruby3.2-aws-sdk-core,upstream-repos,/tmp/ruby3.2-aws-sdk-core.zip903998867/apis/medialive/2017-10-14/docs-2.json,HIGH,Ruby
ruby3.2-aws-sdk-core,upstream-repos,/tmp/ruby3.2-aws-sdk-core.zip903998867/apis/mediapackagev2/2022-12-25/docs-2.json,HIGH,Ruby
ruby3.2-aws-sdk-core,upstream-repos,/tmp/ruby3.2-aws-sdk-core.zip903998867/apis/securityhub/2018-10-26/api-2.json,HIGH,Ruby
ruby3.2-aws-sdk-core,upstream-repos,/tmp/ruby3.2-aws-sdk-core.zip903998867/apis/securityhub/2018-10-26/docs-2.json,HIGH,Ruby
ruby3.2-aws-sdk-core,upstream-repos,/tmp/ruby3.2-aws-sdk-core.zip903998867/build_tools/aws-sdk-code-generator/spec/protocol_tests_spec_helper.rb,HIGH,Ruby
ruby3.2-aws-sdk-core,upstream-repos,/tmp/ruby3.2-aws-sdk-core.zip903998867/doc-src/templates/default/fulldoc/html/js/jquery.js,HIGH,Ruby
ruby3.2-aws-sdk-core,upstream-repos,/tmp/ruby3.2-aws-sdk-core.zip903998867/gems/aws-sdk-acm/lib/aws-sdk-acm/client_api.rb,HIGH,Ruby
ruby3.2-aws-sdk-core,upstream-repos,/tmp/ruby3.2-aws-sdk-core.zip903998867/gems/aws-sdk-bedrockruntime/lib/aws-sdk-bedrockruntime/client.rb,HIGH,Ruby
ruby3.2-aws-sdk-core,upstream-repos,/tmp/ruby3.2-aws-sdk-core.zip903998867/gems/aws-sdk-codebuild/lib/aws-sdk-codebuild/client.rb,HIGH,Ruby
ruby3.2-aws-sdk-core,upstream-repos,/tmp/ruby3.2-aws-sdk-core.zip903998867/gems/aws-sdk-codebuild/lib/aws-sdk-codebuild/client_api.rb,HIGH,Ruby
ruby3.2-aws-sdk-core,upstream-repos,/tmp/ruby3.2-aws-sdk-core.zip903998867/gems/aws-sdk-codebuild/lib/aws-sdk-codebuild/types.rb,HIGH,Ruby
ruby3.2-aws-sdk-core,upstream-repos,/tmp/ruby3.2-aws-sdk-core.zip903998867/gems/aws-sdk-core/spec/aws/ec2_metadata_spec.rb,HIGH,Ruby
ruby3.2-aws-sdk-core,upstream-repos,/tmp/ruby3.2-aws-sdk-core.zip903998867/gems/aws-sdk-core/spec/aws/ecs_credentials_spec.rb,HIGH,Ruby
ruby3.2-aws-sdk-core,upstream-repos,/tmp/ruby3.2-aws-sdk-core.zip903998867/gems/aws-sdk-core/spec/aws/instance_profile_credentials_spec.rb,HIGH,Ruby
ruby3.2-aws-sdk-core,upstream-repos,/tmp/ruby3.2-aws-sdk-core.zip903998867/gems/aws-sdk-core/spec/aws/shared_config_spec.rb,HIGH,Ruby
ruby3.2-aws-sdk-core,upstream-repos,/tmp/ruby3.2-aws-sdk-core.zip903998867/gems/aws-sdk-guardduty/lib/aws-sdk-guardduty/types.rb,HIGH,Ruby
ruby3.2-aws-sdk-core,upstream-repos,/tmp/ruby3.2-aws-sdk-core.zip903998867/gems/aws-sdk-inspector2/lib/aws-sdk-inspector2/types.rb,HIGH,Ruby
ruby3.2-aws-sdk-core,upstream-repos,/tmp/ruby3.2-aws-sdk-core.zip903998867/gems/aws-sdk-medialive/lib/aws-sdk-medialive/types.rb,HIGH,Ruby
ruby3.2-aws-sdk-core,upstream-repos,/tmp/ruby3.2-aws-sdk-core.zip903998867/gems/aws-sdk-mediapackagev2/lib/aws-sdk-mediapackagev2/types.rb,HIGH,Ruby
ruby3.2-aws-sdk-core,upstream-repos,/tmp/ruby3.2-aws-sdk-core.zip903998867/gems/aws-sdk-opsworkscm/lib/aws-sdk-opsworkscm/client_api.rb,HIGH,Ruby
ruby3.2-aws-sdk-core,upstream-repos,/tmp/ruby3.2-aws-sdk-core.zip903998867/gems/aws-sdk-sagemaker/lib/aws-sdk-sagemaker/client.rb,HIGH,Ruby
ruby3.2-aws-sdk-core,upstream-repos,/tmp/ruby3.2-aws-sdk-core.zip903998867/gems/aws-sdk-sagemaker/lib/aws-sdk-sagemaker/client_api.rb,HIGH,Ruby
ruby3.2-aws-sdk-core,upstream-repos,/tmp/ruby3.2-aws-sdk-core.zip903998867/gems/aws-sdk-sagemaker/lib/aws-sdk-sagemaker/types.rb,HIGH,Ruby
ruby3.2-aws-sdk-core,upstream-repos,/tmp/ruby3.2-aws-sdk-core.zip903998867/gems/aws-sdk-securityhub/lib/aws-sdk-securityhub/types.rb,HIGH,Ruby
ruby3.2-aws-sdk-kms,upstream-repos,/tmp/ruby3.2-aws-sdk-kms.zip2291662812/apis/guardduty/2017-11-28/docs-2.json,HIGH,Ruby
ruby3.2-aws-sdk-kms,upstream-repos,/tmp/ruby3.2-aws-sdk-kms.zip2291662812/apis/inspector2/2020-06-08/docs-2.json,HIGH,Ruby
ruby3.2-aws-sdk-kms,upstream-repos,/tmp/ruby3.2-aws-sdk-kms.zip2291662812/apis/medialive/2017-10-14/docs-2.json,HIGH,Ruby
ruby3.2-aws-sdk-kms,upstream-repos,/tmp/ruby3.2-aws-sdk-kms.zip2291662812/apis/mediapackagev2/2022-12-25/docs-2.json,HIGH,Ruby
ruby3.2-aws-sdk-kms,upstream-repos,/tmp/ruby3.2-aws-sdk-kms.zip2291662812/apis/securityhub/2018-10-26/api-2.json,HIGH,Ruby
ruby3.2-aws-sdk-kms,upstream-repos,/tmp/ruby3.2-aws-sdk-kms.zip2291662812/apis/securityhub/2018-10-26/docs-2.json,HIGH,Ruby
ruby3.2-aws-sdk-kms,upstream-repos,/tmp/ruby3.2-aws-sdk-kms.zip2291662812/build_tools/aws-sdk-code-generator/spec/protocol_tests_spec_helper.rb,HIGH,Ruby
ruby3.2-aws-sdk-kms,upstream-repos,/tmp/ruby3.2-aws-sdk-kms.zip2291662812/doc-src/templates/default/fulldoc/html/js/jquery.js,HIGH,Ruby
ruby3.2-aws-sdk-kms,upstream-repos,/tmp/ruby3.2-aws-sdk-kms.zip2291662812/gems/aws-sdk-acm/lib/aws-sdk-acm/client_api.rb,HIGH,Ruby
ruby3.2-aws-sdk-kms,upstream-repos,/tmp/ruby3.2-aws-sdk-kms.zip2291662812/gems/aws-sdk-bedrockruntime/lib/aws-sdk-bedrockruntime/client.rb,HIGH,Ruby
ruby3.2-aws-sdk-kms,upstream-repos,/tmp/ruby3.2-aws-sdk-kms.zip2291662812/gems/aws-sdk-codebuild/lib/aws-sdk-codebuild/client.rb,HIGH,Ruby
ruby3.2-aws-sdk-kms,upstream-repos,/tmp/ruby3.2-aws-sdk-kms.zip2291662812/gems/aws-sdk-codebuild/lib/aws-sdk-codebuild/client_api.rb,HIGH,Ruby
ruby3.2-aws-sdk-kms,upstream-repos,/tmp/ruby3.2-aws-sdk-kms.zip2291662812/gems/aws-sdk-codebuild/lib/aws-sdk-codebuild/types.rb,HIGH,Ruby
ruby3.2-aws-sdk-kms,upstream-repos,/tmp/ruby3.2-aws-sdk-kms.zip2291662812/gems/aws-sdk-core/spec/aws/ec2_metadata_spec.rb,HIGH,Ruby
ruby3.2-aws-sdk-kms,upstream-repos,/tmp/ruby3.2-aws-sdk-kms.zip2291662812/gems/aws-sdk-core/spec/aws/ecs_credentials_spec.rb,HIGH,Ruby
ruby3.2-aws-sdk-kms,upstream-repos,/tmp/ruby3.2-aws-sdk-kms.zip2291662812/gems/aws-sdk-core/spec/aws/instance_profile_credentials_spec.rb,HIGH,Ruby
ruby3.2-aws-sdk-kms,upstream-repos,/tmp/ruby3.2-aws-sdk-kms.zip2291662812/gems/aws-sdk-core/spec/aws/shared_config_spec.rb,HIGH,Ruby
ruby3.2-aws-sdk-kms,upstream-repos,/tmp/ruby3.2-aws-sdk-kms.zip2291662812/gems/aws-sdk-guardduty/lib/aws-sdk-guardduty/types.rb,HIGH,Ruby
ruby3.2-aws-sdk-kms,upstream-repos,/tmp/ruby3.2-aws-sdk-kms.zip2291662812/gems/aws-sdk-inspector2/lib/aws-sdk-inspector2/types.rb,HIGH,Ruby
ruby3.2-aws-sdk-kms,upstream-repos,/tmp/ruby3.2-aws-sdk-kms.zip2291662812/gems/aws-sdk-medialive/lib/aws-sdk-medialive/types.rb,HIGH,Ruby
ruby3.2-aws-sdk-kms,upstream-repos,/tmp/ruby3.2-aws-sdk-kms.zip2291662812/gems/aws-sdk-mediapackagev2/lib/aws-sdk-mediapackagev2/types.rb,HIGH,Ruby
ruby3.2-aws-sdk-kms,upstream-repos,/tmp/ruby3.2-aws-sdk-kms.zip2291662812/gems/aws-sdk-opsworkscm/lib/aws-sdk-opsworkscm/client_api.rb,HIGH,Ruby
ruby3.2-aws-sdk-kms,upstream-repos,/tmp/ruby3.2-aws-sdk-kms.zip2291662812/gems/aws-sdk-sagemaker/lib/aws-sdk-sagemaker/client.rb,HIGH,Ruby
ruby3.2-aws-sdk-kms,upstream-repos,/tmp/ruby3.2-aws-sdk-kms.zip2291662812/gems/aws-sdk-sagemaker/lib/aws-sdk-sagemaker/client_api.rb,HIGH,Ruby
ruby3.2-aws-sdk-kms,upstream-repos,/tmp/ruby3.2-aws-sdk-kms.zip2291662812/gems/aws-sdk-sagemaker/lib/aws-sdk-sagemaker/types.rb,HIGH,Ruby
ruby3.2-aws-sdk-kms,upstream-repos,/tmp/ruby3.2-aws-sdk-kms.zip2291662812/gems/aws-sdk-securityhub/lib/aws-sdk-securityhub/types.rb,HIGH,Ruby
ruby3.2-aws-sdk-s3,upstream-repos,/tmp/ruby3.2-aws-sdk-s3.zip400919282/apis/guardduty/2017-11-28/docs-2.json,HIGH,Ruby
ruby3.2-aws-sdk-s3,upstream-repos,/tmp/ruby3.2-aws-sdk-s3.zip400919282/apis/inspector2/2020-06-08/docs-2.json,HIGH,Ruby
ruby3.2-aws-sdk-s3,upstream-repos,/tmp/ruby3.2-aws-sdk-s3.zip400919282/apis/medialive/2017-10-14/docs-2.json,HIGH,Ruby
ruby3.2-aws-sdk-s3,upstream-repos,/tmp/ruby3.2-aws-sdk-s3.zip400919282/apis/mediapackagev2/2022-12-25/docs-2.json,HIGH,Ruby
ruby3.2-aws-sdk-s3,upstream-repos,/tmp/ruby3.2-aws-sdk-s3.zip400919282/apis/securityhub/2018-10-26/api-2.json,HIGH,Ruby
ruby3.2-aws-sdk-s3,upstream-repos,/tmp/ruby3.2-aws-sdk-s3.zip400919282/apis/securityhub/2018-10-26/docs-2.json,HIGH,Ruby
ruby3.2-aws-sdk-s3,upstream-repos,/tmp/ruby3.2-aws-sdk-s3.zip400919282/build_tools/aws-sdk-code-generator/spec/protocol_tests_spec_helper.rb,HIGH,Ruby
ruby3.2-aws-sdk-s3,upstream-repos,/tmp/ruby3.2-aws-sdk-s3.zip400919282/doc-src/templates/default/fulldoc/html/js/jquery.js,HIGH,Ruby
ruby3.2-aws-sdk-s3,upstream-repos,/tmp/ruby3.2-aws-sdk-s3.zip400919282/gems/aws-sdk-acm/lib/aws-sdk-acm/client_api.rb,HIGH,Ruby
ruby3.2-aws-sdk-s3,upstream-repos,/tmp/ruby3.2-aws-sdk-s3.zip400919282/gems/aws-sdk-bedrockruntime/lib/aws-sdk-bedrockruntime/client.rb,HIGH,Ruby
ruby3.2-aws-sdk-s3,upstream-repos,/tmp/ruby3.2-aws-sdk-s3.zip400919282/gems/aws-sdk-codebuild/lib/aws-sdk-codebuild/client.rb,HIGH,Ruby
ruby3.2-aws-sdk-s3,upstream-repos,/tmp/ruby3.2-aws-sdk-s3.zip400919282/gems/aws-sdk-codebuild/lib/aws-sdk-codebuild/client_api.rb,HIGH,Ruby
ruby3.2-aws-sdk-s3,upstream-repos,/tmp/ruby3.2-aws-sdk-s3.zip400919282/gems/aws-sdk-codebuild/lib/aws-sdk-codebuild/types.rb,HIGH,Ruby
ruby3.2-aws-sdk-s3,upstream-repos,/tmp/ruby3.2-aws-sdk-s3.zip400919282/gems/aws-sdk-core/spec/aws/ec2_metadata_spec.rb,HIGH,Ruby
ruby3.2-aws-sdk-s3,upstream-repos,/tmp/ruby3.2-aws-sdk-s3.zip400919282/gems/aws-sdk-core/spec/aws/ecs_credentials_spec.rb,HIGH,Ruby
ruby3.2-aws-sdk-s3,upstream-repos,/tmp/ruby3.2-aws-sdk-s3.zip400919282/gems/aws-sdk-core/spec/aws/instance_profile_credentials_spec.rb,HIGH,Ruby
ruby3.2-aws-sdk-s3,upstream-repos,/tmp/ruby3.2-aws-sdk-s3.zip400919282/gems/aws-sdk-core/spec/aws/shared_config_spec.rb,HIGH,Ruby
ruby3.2-aws-sdk-s3,upstream-repos,/tmp/ruby3.2-aws-sdk-s3.zip400919282/gems/aws-sdk-guardduty/lib/aws-sdk-guardduty/types.rb,HIGH,Ruby
ruby3.2-aws-sdk-s3,upstream-repos,/tmp/ruby3.2-aws-sdk-s3.zip400919282/gems/aws-sdk-inspector2/lib/aws-sdk-inspector2/types.rb,HIGH,Ruby
ruby3.2-aws-sdk-s3,upstream-repos,/tmp/ruby3.2-aws-sdk-s3.zip400919282/gems/aws-sdk-medialive/lib/aws-sdk-medialive/types.rb,HIGH,Ruby
ruby3.2-aws-sdk-s3,upstream-repos,/tmp/ruby3.2-aws-sdk-s3.zip400919282/gems/aws-sdk-mediapackagev2/lib/aws-sdk-mediapackagev2/types.rb,HIGH,Ruby
ruby3.2-aws-sdk-s3,upstream-repos,/tmp/ruby3.2-aws-sdk-s3.zip400919282/gems/aws-sdk-opsworkscm/lib/aws-sdk-opsworkscm/client_api.rb,HIGH,Ruby
ruby3.2-aws-sdk-s3,upstream-repos,/tmp/ruby3.2-aws-sdk-s3.zip400919282/gems/aws-sdk-sagemaker/lib/aws-sdk-sagemaker/client.rb,HIGH,Ruby
ruby3.2-aws-sdk-s3,upstream-repos,/tmp/ruby3.2-aws-sdk-s3.zip400919282/gems/aws-sdk-sagemaker/lib/aws-sdk-sagemaker/client_api.rb,HIGH,Ruby
ruby3.2-aws-sdk-s3,upstream-repos,/tmp/ruby3.2-aws-sdk-s3.zip400919282/gems/aws-sdk-sagemaker/lib/aws-sdk-sagemaker/types.rb,HIGH,Ruby
ruby3.2-aws-sdk-s3,upstream-repos,/tmp/ruby3.2-aws-sdk-s3.zip400919282/gems/aws-sdk-securityhub/lib/aws-sdk-securityhub/types.rb,HIGH,Ruby
ruby3.2-aws-sdk-sqs,upstream-repos,/tmp/ruby3.2-aws-sdk-sqs.zip1811550852/apis/guardduty/2017-11-28/docs-2.json,HIGH,Ruby
ruby3.2-aws-sdk-sqs,upstream-repos,/tmp/ruby3.2-aws-sdk-sqs.zip1811550852/apis/inspector2/2020-06-08/docs-2.json,HIGH,Ruby
ruby3.2-aws-sdk-sqs,upstream-repos,/tmp/ruby3.2-aws-sdk-sqs.zip1811550852/apis/medialive/2017-10-14/docs-2.json,HIGH,Ruby
ruby3.2-aws-sdk-sqs,upstream-repos,/tmp/ruby3.2-aws-sdk-sqs.zip1811550852/apis/mediapackagev2/2022-12-25/docs-2.json,HIGH,Ruby
ruby3.2-aws-sdk-sqs,upstream-repos,/tmp/ruby3.2-aws-sdk-sqs.zip1811550852/apis/securityhub/2018-10-26/api-2.json,HIGH,Ruby
ruby3.2-aws-sdk-sqs,upstream-repos,/tmp/ruby3.2-aws-sdk-sqs.zip1811550852/apis/securityhub/2018-10-26/docs-2.json,HIGH,Ruby
ruby3.2-aws-sdk-sqs,upstream-repos,/tmp/ruby3.2-aws-sdk-sqs.zip1811550852/build_tools/aws-sdk-code-generator/spec/protocol_tests_spec_helper.rb,HIGH,Ruby
ruby3.2-aws-sdk-sqs,upstream-repos,/tmp/ruby3.2-aws-sdk-sqs.zip1811550852/doc-src/templates/default/fulldoc/html/js/jquery.js,HIGH,Ruby
ruby3.2-aws-sdk-sqs,upstream-repos,/tmp/ruby3.2-aws-sdk-sqs.zip1811550852/gems/aws-sdk-acm/lib/aws-sdk-acm/client_api.rb,HIGH,Ruby
ruby3.2-aws-sdk-sqs,upstream-repos,/tmp/ruby3.2-aws-sdk-sqs.zip1811550852/gems/aws-sdk-bedrockruntime/lib/aws-sdk-bedrockruntime/client.rb,HIGH,Ruby
ruby3.2-aws-sdk-sqs,upstream-repos,/tmp/ruby3.2-aws-sdk-sqs.zip1811550852/gems/aws-sdk-codebuild/lib/aws-sdk-codebuild/client.rb,HIGH,Ruby
ruby3.2-aws-sdk-sqs,upstream-repos,/tmp/ruby3.2-aws-sdk-sqs.zip1811550852/gems/aws-sdk-codebuild/lib/aws-sdk-codebuild/client_api.rb,HIGH,Ruby
ruby3.2-aws-sdk-sqs,upstream-repos,/tmp/ruby3.2-aws-sdk-sqs.zip1811550852/gems/aws-sdk-codebuild/lib/aws-sdk-codebuild/types.rb,HIGH,Ruby
ruby3.2-aws-sdk-sqs,upstream-repos,/tmp/ruby3.2-aws-sdk-sqs.zip1811550852/gems/aws-sdk-core/spec/aws/ec2_metadata_spec.rb,HIGH,Ruby
ruby3.2-aws-sdk-sqs,upstream-repos,/tmp/ruby3.2-aws-sdk-sqs.zip1811550852/gems/aws-sdk-core/spec/aws/ecs_credentials_spec.rb,HIGH,Ruby
ruby3.2-aws-sdk-sqs,upstream-repos,/tmp/ruby3.2-aws-sdk-sqs.zip1811550852/gems/aws-sdk-core/spec/aws/instance_profile_credentials_spec.rb,HIGH,Ruby
ruby3.2-aws-sdk-sqs,upstream-repos,/tmp/ruby3.2-aws-sdk-sqs.zip1811550852/gems/aws-sdk-core/spec/aws/shared_config_spec.rb,HIGH,Ruby
ruby3.2-aws-sdk-sqs,upstream-repos,/tmp/ruby3.2-aws-sdk-sqs.zip1811550852/gems/aws-sdk-guardduty/lib/aws-sdk-guardduty/types.rb,HIGH,Ruby
ruby3.2-aws-sdk-sqs,upstream-repos,/tmp/ruby3.2-aws-sdk-sqs.zip1811550852/gems/aws-sdk-inspector2/lib/aws-sdk-inspector2/types.rb,HIGH,Ruby
ruby3.2-aws-sdk-sqs,upstream-repos,/tmp/ruby3.2-aws-sdk-sqs.zip1811550852/gems/aws-sdk-medialive/lib/aws-sdk-medialive/types.rb,HIGH,Ruby
ruby3.2-aws-sdk-sqs,upstream-repos,/tmp/ruby3.2-aws-sdk-sqs.zip1811550852/gems/aws-sdk-mediapackagev2/lib/aws-sdk-mediapackagev2/types.rb,HIGH,Ruby
ruby3.2-aws-sdk-sqs,upstream-repos,/tmp/ruby3.2-aws-sdk-sqs.zip1811550852/gems/aws-sdk-opsworkscm/lib/aws-sdk-opsworkscm/client_api.rb,HIGH,Ruby
ruby3.2-aws-sdk-sqs,upstream-repos,/tmp/ruby3.2-aws-sdk-sqs.zip1811550852/gems/aws-sdk-sagemaker/lib/aws-sdk-sagemaker/client.rb,HIGH,Ruby
ruby3.2-aws-sdk-sqs,upstream-repos,/tmp/ruby3.2-aws-sdk-sqs.zip1811550852/gems/aws-sdk-sagemaker/lib/aws-sdk-sagemaker/client_api.rb,HIGH,Ruby
ruby3.2-aws-sdk-sqs,upstream-repos,/tmp/ruby3.2-aws-sdk-sqs.zip1811550852/gems/aws-sdk-sagemaker/lib/aws-sdk-sagemaker/types.rb,HIGH,Ruby
ruby3.2-aws-sdk-sqs,upstream-repos,/tmp/ruby3.2-aws-sdk-sqs.zip1811550852/gems/aws-sdk-securityhub/lib/aws-sdk-securityhub/types.rb,HIGH,Ruby
ruby3.2-aws-sigv4,upstream-repos,/tmp/ruby3.2-aws-sigv4.zip5897695/apis/guardduty/2017-11-28/docs-2.json,HIGH,Ruby
ruby3.2-aws-sigv4,upstream-repos,/tmp/ruby3.2-aws-sigv4.zip5897695/apis/inspector2/2020-06-08/docs-2.json,HIGH,Ruby
ruby3.2-aws-sigv4,upstream-repos,/tmp/ruby3.2-aws-sigv4.zip5897695/apis/medialive/2017-10-14/docs-2.json,HIGH,Ruby
ruby3.2-aws-sigv4,upstream-repos,/tmp/ruby3.2-aws-sigv4.zip5897695/apis/mediapackagev2/2022-12-25/docs-2.json,HIGH,Ruby
ruby3.2-aws-sigv4,upstream-repos,/tmp/ruby3.2-aws-sigv4.zip5897695/apis/securityhub/2018-10-26/api-2.json,HIGH,Ruby
ruby3.2-aws-sigv4,upstream-repos,/tmp/ruby3.2-aws-sigv4.zip5897695/apis/securityhub/2018-10-26/docs-2.json,HIGH,Ruby
ruby3.2-aws-sigv4,upstream-repos,/tmp/ruby3.2-aws-sigv4.zip5897695/build_tools/aws-sdk-code-generator/spec/protocol_tests_spec_helper.rb,HIGH,Ruby
ruby3.2-aws-sigv4,upstream-repos,/tmp/ruby3.2-aws-sigv4.zip5897695/doc-src/templates/default/fulldoc/html/js/jquery.js,HIGH,Ruby
ruby3.2-aws-sigv4,upstream-repos,/tmp/ruby3.2-aws-sigv4.zip5897695/gems/aws-sdk-acm/lib/aws-sdk-acm/client_api.rb,HIGH,Ruby
ruby3.2-aws-sigv4,upstream-repos,/tmp/ruby3.2-aws-sigv4.zip5897695/gems/aws-sdk-bedrockruntime/lib/aws-sdk-bedrockruntime/client.rb,HIGH,Ruby
ruby3.2-aws-sigv4,upstream-repos,/tmp/ruby3.2-aws-sigv4.zip5897695/gems/aws-sdk-codebuild/lib/aws-sdk-codebuild/client.rb,HIGH,Ruby
ruby3.2-aws-sigv4,upstream-repos,/tmp/ruby3.2-aws-sigv4.zip5897695/gems/aws-sdk-codebuild/lib/aws-sdk-codebuild/client_api.rb,HIGH,Ruby
ruby3.2-aws-sigv4,upstream-repos,/tmp/ruby3.2-aws-sigv4.zip5897695/gems/aws-sdk-codebuild/lib/aws-sdk-codebuild/types.rb,HIGH,Ruby
ruby3.2-aws-sigv4,upstream-repos,/tmp/ruby3.2-aws-sigv4.zip5897695/gems/aws-sdk-core/spec/aws/ec2_metadata_spec.rb,HIGH,Ruby
ruby3.2-aws-sigv4,upstream-repos,/tmp/ruby3.2-aws-sigv4.zip5897695/gems/aws-sdk-core/spec/aws/ecs_credentials_spec.rb,HIGH,Ruby
ruby3.2-aws-sigv4,upstream-repos,/tmp/ruby3.2-aws-sigv4.zip5897695/gems/aws-sdk-core/spec/aws/instance_profile_credentials_spec.rb,HIGH,Ruby
ruby3.2-aws-sigv4,upstream-repos,/tmp/ruby3.2-aws-sigv4.zip5897695/gems/aws-sdk-core/spec/aws/shared_config_spec.rb,HIGH,Ruby
ruby3.2-aws-sigv4,upstream-repos,/tmp/ruby3.2-aws-sigv4.zip5897695/gems/aws-sdk-guardduty/lib/aws-sdk-guardduty/types.rb,HIGH,Ruby
ruby3.2-aws-sigv4,upstream-repos,/tmp/ruby3.2-aws-sigv4.zip5897695/gems/aws-sdk-inspector2/lib/aws-sdk-inspector2/types.rb,HIGH,Ruby
ruby3.2-aws-sigv4,upstream-repos,/tmp/ruby3.2-aws-sigv4.zip5897695/gems/aws-sdk-medialive/lib/aws-sdk-medialive/types.rb,HIGH,Ruby
ruby3.2-aws-sigv4,upstream-repos,/tmp/ruby3.2-aws-sigv4.zip5897695/gems/aws-sdk-mediapackagev2/lib/aws-sdk-mediapackagev2/types.rb,HIGH,Ruby
ruby3.2-aws-sigv4,upstream-repos,/tmp/ruby3.2-aws-sigv4.zip5897695/gems/aws-sdk-opsworkscm/lib/aws-sdk-opsworkscm/client_api.rb,HIGH,Ruby
ruby3.2-aws-sigv4,upstream-repos,/tmp/ruby3.2-aws-sigv4.zip5897695/gems/aws-sdk-sagemaker/lib/aws-sdk-sagemaker/client.rb,HIGH,Ruby
ruby3.2-aws-sigv4,upstream-repos,/tmp/ruby3.2-aws-sigv4.zip5897695/gems/aws-sdk-sagemaker/lib/aws-sdk-sagemaker/client_api.rb,HIGH,Ruby
ruby3.2-aws-sigv4,upstream-repos,/tmp/ruby3.2-aws-sigv4.zip5897695/gems/aws-sdk-sagemaker/lib/aws-sdk-sagemaker/types.rb,HIGH,Ruby
ruby3.2-aws-sigv4,upstream-repos,/tmp/ruby3.2-aws-sigv4.zip5897695/gems/aws-sdk-securityhub/lib/aws-sdk-securityhub/types.rb,HIGH,Ruby
ruby3.2-base64,upstream-repos,No file,No risk,Ruby
ruby3.2-bouncy-castle-java,upstream-repos,No file,No risk,Ruby
ruby3.2-bundler,upstream-repos,/tmp/ruby3.2-bundler.zip1132360740/bundler/lib/bundler/vendor/net-http-persistent/lib/net/http/persistent.rb,HIGH,Ruby
ruby3.2-bundler,upstream-repos,/tmp/ruby3.2-bundler.zip1132360740/bundler/spec/realworld/slow_perf_spec.rb,HIGH,Ruby
ruby3.2-bundler,upstream-repos,/tmp/ruby3.2-bundler.zip1132360740/test/rubygems/test_gem_config_file.rb,HIGH,Ruby
ruby3.2-bundler,upstream-repos,/tmp/ruby3.2-bundler.zip1132360740/test/rubygems/test_gem_requirement.rb,HIGH,Ruby
ruby3.2-charlock_holmes,upstream-repos,No file,No risk,Ruby
ruby3.2-chronic_duration,upstream-repos,No file,No risk,Ruby
ruby3.2-clamp,upstream-repos,No file,No risk,Ruby
ruby3.2-coderay,upstream-repos,No file,No risk,Ruby
ruby3.2-concurrent-ruby,upstream-repos,/tmp/ruby3.2-concurrent-ruby.zip1768364773/docs-source/medium-example.out.rb,HIGH,Ruby
ruby3.2-connection_pool,upstream-repos,No file,No risk,Ruby
ruby3.2-console,upstream-repos,No file,No risk,Ruby
ruby3.2-csv,upstream-repos,No file,No risk,Ruby
ruby3.2-date,upstream-repos,No file,No risk,Ruby
ruby3.2-deep_merge,upstream-repos,No file,No risk,Ruby
ruby3.2-domain_name,upstream-repos,/tmp/ruby3.2-domain_name.zip595884141/test/test_domain_name-punycode.rb,HIGH,Ruby
ruby3.2-drb,upstream-repos,No file,No risk,Ruby
ruby3.2-elastic-transport,upstream-repos,No file,No risk,Ruby
ruby3.2-excon,upstream-repos,No file,No risk,Ruby
ruby3.2-faraday-excon,upstream-repos,No file,No risk,Ruby
ruby3.2-faraday-follow_redirects,upstream-repos,No file,No risk,Ruby
ruby3.2-faraday-net_http,upstream-repos,No file,No risk,Ruby
ruby3.2-faraday,upstream-repos,No file,No risk,Ruby
ruby3.2-ffi-compiler,upstream-repos,No file,No risk,Ruby
ruby3.2-ffi,upstream-repos,/tmp/ruby3.2-ffi.zip771746986/spec/ffi/callback_spec.rb,HIGH,Ruby
ruby3.2-ffi,upstream-repos,/tmp/ruby3.2-ffi.zip771746986/spec/ffi/enum_spec.rb,HIGH,Ruby
ruby3.2-ffi,upstream-repos,/tmp/ruby3.2-ffi.zip771746986/spec/ffi/struct_spec.rb,HIGH,Ruby
ruby3.2-fiber-annotation,upstream-repos,No file,No risk,Ruby
ruby3.2-fiber-local,upstream-repos,No file,No risk,Ruby
ruby3.2-fiber-storage,upstream-repos,No file,No risk,Ruby
ruby3.2-filesize,upstream-repos,No file,No risk,Ruby
ruby3.2-fluent-config-regexp-type,upstream-repos,No file,No risk,Ruby
ruby3.2-gems,upstream-repos,No file,No risk,Ruby
ruby3.2-hashie,upstream-repos,No file,No risk,Ruby
ruby3.2-http-accept,upstream-repos,No file,No risk,Ruby
ruby3.2-http-cookie,upstream-repos,No file,No risk,Ruby
ruby3.2-http-form_data,upstream-repos,No file,No risk,Ruby
ruby3.2-http,upstream-repos,No file,No risk,Ruby
ruby3.2-http_parser.rb,upstream-repos,No file,No risk,Ruby
ruby3.2-i18n,upstream-repos,No file,No risk,Ruby
ruby3.2-io-console,upstream-repos,No file,No risk,Ruby
ruby3.2-io-event,upstream-repos,No file,No risk,Ruby
ruby3.2-jar-dependencies,upstream-repos,No file,No risk,Ruby
ruby3.2-jmespath,upstream-repos,No file,No risk,Ruby
ruby3.2-jrjackson,upstream-repos,No file,No risk,Ruby
ruby3.2-json-jwt,upstream-repos,No file,No risk,Ruby
ruby3.2-json,upstream-repos,No file,No risk,Ruby
ruby3.2-jsonpath,upstream-repos,No file,No risk,Ruby
ruby3.2-jwt,upstream-repos,No file,No risk,Ruby
ruby3.2-kubeclient,upstream-repos,No file,No risk,Ruby
ruby3.2-logger,upstream-repos,No file,No risk,Ruby
ruby3.2-logstash-mixin-ecs_compatibility_support,upstream-repos,No file,No risk,Ruby
ruby3.2-lru_redux,upstream-repos,No file,No risk,Ruby
ruby3.2-method_source,upstream-repos,No file,No risk,Ruby
ruby3.2-mime-types-data,upstream-repos,No file,No risk,Ruby
ruby3.2-mime-types,upstream-repos,No file,No risk,Ruby
ruby3.2-minitar,upstream-repos,No file,No risk,Ruby
ruby3.2-mini_mime,upstream-repos,No file,No risk,Ruby
ruby3.2-msgpack,upstream-repos,/tmp/ruby3.2-msgpack.zip3857536048/ext/msgpack/unpacker.c,HIGH,Ruby
ruby3.2-msgpack,upstream-repos,/tmp/ruby3.2-msgpack.zip3857536048/spec/factory_spec.rb,HIGH,Ruby
ruby3.2-msgpack,upstream-repos,/tmp/ruby3.2-msgpack.zip3857536048/spec/unpacker_spec.rb,HIGH,Ruby
ruby3.2-multi_json,upstream-repos,No file,No risk,Ruby
ruby3.2-multi_xml,upstream-repos,No file,No risk,Ruby
ruby3.2-mustermann,upstream-repos,No file,No risk,Ruby
ruby3.2-net-http-persistent,upstream-repos,/tmp/ruby3.2-net-http-persistent.zip2238423167/lib/net/http/persistent.rb,HIGH,Ruby
ruby3.2-net-imap,upstream-repos,No file,No risk,Ruby
ruby3.2-net-protocol,upstream-repos,No file,No risk,Ruby
ruby3.2-netrc,upstream-repos,No file,No risk,Ruby
ruby3.2-numerizer,upstream-repos,No file,No risk,Ruby
ruby3.2-oauth2,upstream-repos,/tmp/ruby3.2-oauth2.zip922632716/spec/oauth2/strategy/assertion_spec.rb,HIGH,Ruby
ruby3.2-openid_connect-1.1.8,upstream-repos,No file,No risk,Ruby
ruby3.2-openid_connect,upstream-repos,No file,No risk,Ruby
ruby3.2-pg,upstream-repos,No file,No risk,Ruby
ruby3.2-prometheus-client,upstream-repos,No file,No risk,Ruby
ruby3.2-protocol-hpack,upstream-repos,/tmp/ruby3.2-protocol-hpack.zip2930703182/lib/protocol/hpack/huffman.rb,HIGH,Ruby
ruby3.2-protocol-http,upstream-repos,No file,No risk,Ruby
ruby3.2-protocol-http1,upstream-repos,No file,No risk,Ruby
ruby3.2-protocol-http2,upstream-repos,No file,No risk,Ruby
ruby3.2-pry,upstream-repos,/tmp/ruby3.2-pry.zip4012549415/spec/pryrc_spec.rb,HIGH,Ruby
ruby3.2-psych,upstream-repos,No file,No risk,Ruby
ruby3.2-public_suffix,upstream-repos,No file,No risk,Ruby
ruby3.2-puma,upstream-repos,/tmp/ruby3.2-puma.zip3048794562/ext/puma_http11/mini_ssl.c,HIGH,Ruby
ruby3.2-puma,upstream-repos,/tmp/ruby3.2-puma.zip3048794562/lib/puma/dsl.rb,HIGH,Ruby
ruby3.2-puma,upstream-repos,/tmp/ruby3.2-puma.zip3048794562/test/test_puma_server.rb,HIGH,Ruby
ruby3.2-puma,upstream-repos,/tmp/ruby3.2-puma.zip3048794562/test/test_thread_pool.rb,HIGH,Ruby
ruby3.2-rack-2.2,upstream-repos,/tmp/ruby3.2-rack-2.2.zip3126357968/lib/rack/show_exceptions.rb,HIGH,Ruby
ruby3.2-rack-2.2,upstream-repos,/tmp/ruby3.2-rack-2.2.zip3126357968/test/spec_request.rb,HIGH,Ruby
ruby3.2-rack-protection,upstream-repos,No file,No risk,Ruby
ruby3.2-rack,upstream-repos,/tmp/ruby3.2-rack.zip1331324339/lib/rack/show_exceptions.rb,HIGH,Ruby
ruby3.2-rack,upstream-repos,/tmp/ruby3.2-rack.zip1331324339/test/spec_request.rb,HIGH,Ruby
ruby3.2-recursive-open-struct,upstream-repos,No file,No risk,Ruby
ruby3.2-redis-client,upstream-repos,No file,No risk,Ruby
ruby3.2-redis-namespace,upstream-repos,No file,No risk,Ruby
ruby3.2-redis,upstream-repos,No file,No risk,Ruby
ruby3.2-reline,upstream-repos,/tmp/ruby3.2-reline.zip2716102108/lib/reline/unicode/east_asian_width.rb,HIGH,Ruby
ruby3.2-rest-client,upstream-repos,No file,No risk,Ruby
ruby3.2-rexml,upstream-repos,No file,No risk,Ruby
ruby3.2-ruby2_keywords,upstream-repos,No file,No risk,Ruby
ruby3.2-rubyzip,upstream-repos,No file,No risk,Ruby
ruby3.2-securerandom,upstream-repos,No file,No risk,Ruby
ruby3.2-serverengine,upstream-repos,No file,No risk,Ruby
ruby3.2-sigdump,upstream-repos,No file,No risk,Ruby
ruby3.2-sinatra,upstream-repos,No file,No risk,Ruby
ruby3.2-snaky_hash,upstream-repos,No file,No risk,Ruby
ruby3.2-stringio,upstream-repos,No file,No risk,Ruby
ruby3.2-strptime,upstream-repos,No file,No risk,Ruby
ruby3.2-stud,upstream-repos,No file,No risk,Ruby
ruby3.2-systemd-journal,upstream-repos,/tmp/ruby3.2-systemd-journal.zip3903797887/examples/ssh_watcher.rb,HIGH,Ruby
ruby3.2-systemd-journal,upstream-repos,/tmp/ruby3.2-systemd-journal.zip3903797887/lib/systemd/journal/filterable.rb,HIGH,Ruby
ruby3.2-systemd-journal,upstream-repos,/tmp/ruby3.2-systemd-journal.zip3903797887/spec/fixtures/test.json,HIGH,Ruby
ruby3.2-thread_safe,upstream-repos,No file,No risk,Ruby
ruby3.2-tilt,upstream-repos,No file,No risk,Ruby
ruby3.2-timeout,upstream-repos,No file,No risk,Ruby
ruby3.2-timers,upstream-repos,No file,No risk,Ruby
ruby3.2-traces,upstream-repos,No file,No risk,Ruby
ruby3.2-treetop,upstream-repos,No file,No risk,Ruby
ruby3.2-tzinfo-data,upstream-repos,No file,No risk,Ruby
ruby3.2-tzinfo,upstream-repos,No file,No risk,Ruby
ruby3.2-version_gem,upstream-repos,No file,No risk,Ruby
ruby3.2-webrick,upstream-repos,No file,No risk,Ruby
ruby3.2-yajl-ruby,upstream-repos,No file,No risk,Ruby
ruby3.3-bundler,upstream-repos,/tmp/ruby3.3-bundler.zip3119282472/bundler/lib/bundler/vendor/net-http-persistent/lib/net/http/persistent.rb,HIGH,Ruby
ruby3.3-bundler,upstream-repos,/tmp/ruby3.3-bundler.zip3119282472/bundler/spec/realworld/slow_perf_spec.rb,HIGH,Ruby
ruby3.3-bundler,upstream-repos,/tmp/ruby3.3-bundler.zip3119282472/test/rubygems/test_gem_config_file.rb,HIGH,Ruby
ruby3.3-bundler,upstream-repos,/tmp/ruby3.3-bundler.zip3119282472/test/rubygems/test_gem_requirement.rb,HIGH,Ruby
timoni,upstream-repos,No file,No risk,Ruby
asciidoctor-2.0.23-r0,wolfi-apks,No file,No risk,Ruby
brew-4.4.0-r0,wolfi-apks,/tmp/brew-4.4.0-r0.apk406427517/home/linuxbrew/.linuxbrew/Library/Homebrew/cask/macos.rb,CRITICAL,Ruby
brew-4.4.0-r0,wolfi-apks,/tmp/brew-4.4.0-r0.apk406427517/home/linuxbrew/.linuxbrew/Library/Homebrew/diagnostic.rb,HIGH,Ruby
brew-4.4.0-r0,wolfi-apks,/tmp/brew-4.4.0-r0.apk406427517/home/linuxbrew/.linuxbrew/Library/Homebrew/env_config.rb,HIGH,Ruby
brew-4.4.0-r0,wolfi-apks,/tmp/brew-4.4.0-r0.apk406427517/home/linuxbrew/.linuxbrew/Library/Homebrew/extend/os/mac/keg.rb,HIGH,Ruby
brew-4.4.0-r0,wolfi-apks,/tmp/brew-4.4.0-r0.apk406427517/home/linuxbrew/.linuxbrew/Library/Homebrew/missing_formula.rb,HIGH,Ruby
brew-4.4.0-r0,wolfi-apks,/tmp/brew-4.4.0-r0.apk406427517/home/linuxbrew/.linuxbrew/Library/Homebrew/test/cask/macos_spec.rb,HIGH,Ruby
brew-4.4.0-r0,wolfi-apks,/tmp/brew-4.4.0-r0.apk406427517/home/linuxbrew/.linuxbrew/Library/Homebrew/test/support/fixtures/elf/hello,HIGH,Ruby
brew-4.4.0-r0,wolfi-apks,/tmp/brew-4.4.0-r0.apk406427517/home/linuxbrew/.linuxbrew/Library/Homebrew/test/utils/shell_spec.rb,HIGH,Ruby
brew-4.4.0-r0,wolfi-apks,/tmp/brew-4.4.0-r0.apk406427517/home/linuxbrew/.linuxbrew/Library/Homebrew/utils/pypi.rb,HIGH,Ruby
brew-4.4.0-r0,wolfi-apks,/tmp/brew-4.4.0-r0.apk406427517/home/linuxbrew/.linuxbrew/Library/Homebrew/vendor/bundle/ruby/3.3.0/gems/elftools-1.3.1/lib/elftools/constants.rb,HIGH,Ruby
brew-4.4.0-r0,wolfi-apks,/tmp/brew-4.4.0-r0.apk406427517/home/linuxbrew/.linuxbrew/package/scripts/postinstall,HIGH,Ruby
brew-4.4.0-r0,wolfi-apks,/tmp/brew-4.4.0-r0.apk406427517/home/linuxbrew/.linuxbrew/package/scripts/preinstall,HIGH,Ruby
cjson-1.7.18-r1,wolfi-apks,No file,No risk,Ruby
fluent-bit-plugin-loki-3.2.0-r0,wolfi-apks,No file,No risk,Ruby
fluent-plugin-cloudwatch-logs-0.14.3-r3,wolfi-apks,No file,No risk,Ruby
fluent-plugin-concat-2.5.0-r0,wolfi-apks,No file,No risk,Ruby
fluent-plugin-detect-exceptions-0.0.15-r2,wolfi-apks,/tmp/fluent-plugin-detect-exceptions-0.0.15-r2.apk1206021609/usr/lib/ruby/gems/3.2.0/gems/fluent-plugin-detect-exceptions-0.0.15/test/plugin/test_exception_detector.rb,HIGH,Ruby
fluent-plugin-elasticsearch-5.4.3-r2,wolfi-apks,/tmp/fluent-plugin-elasticsearch-5.4.3-r2.apk1749756324/usr/lib/ruby/gems/3.2.0/gems/fluent-plugin-elasticsearch-5.4.3/test/plugin/test_out_elasticsearch.rb,HIGH,Ruby
fluent-plugin-elasticsearch-5.4.3-r2,wolfi-apks,/tmp/fluent-plugin-elasticsearch-5.4.3-r2.apk1749756324/usr/lib/ruby/gems/3.2.0/gems/fluent-plugin-elasticsearch-5.4.3/test/plugin/test_out_elasticsearch_dynamic.rb,HIGH,Ruby
fluent-plugin-grok-parser-2.6.2-r0,wolfi-apks,No file,No risk,Ruby
fluent-plugin-kubernetes_metadata_filter-3.5.0-r4,wolfi-apks,No file,No risk,Ruby
fluent-plugin-multi-format-parser-1.1.0-r0,wolfi-apks,No file,No risk,Ruby
fluent-plugin-out-http-1.3.4-r4,wolfi-apks,No file,No risk,Ruby
fluent-plugin-prometheus-2.2.0-r0,wolfi-apks,No file,No risk,Ruby
fluent-plugin-record-modifier-2.2.0-r3,wolfi-apks,No file,No risk,Ruby
fluent-plugin-rewrite-tag-filter-2.4.0-r3,wolfi-apks,No file,No risk,Ruby
fluent-plugin-s3-1.7.2-r3,wolfi-apks,No file,No risk,Ruby
fluent-plugin-splunk-hec-1.3.3-r11,wolfi-apks,No file,No risk,Ruby
fluent-plugin-systemd-1.1.0-r1,wolfi-apks,No file,No risk,Ruby
fluent-plugin-tag-normaliser-0.1.2_git20230928-r3,wolfi-apks,No file,No risk,Ruby
flux-helm-controller-1.1.0-r0,wolfi-apks,No file,No risk,Ruby
flux-image-automation-controller-0.39.0-r0,wolfi-apks,No file,No risk,Ruby
flux-image-reflector-controller-0.33.0-r0,wolfi-apks,No file,No risk,Ruby
flux-kustomize-controller-1.4.0-r0,wolfi-apks,No file,No risk,Ruby
flux-source-controller-1.4.1-r0,wolfi-apks,No file,No risk,Ruby
git-lfs-3.5.1-r8,wolfi-apks,No file,No risk,Ruby
glab-1.47.0-r0,wolfi-apks,No file,No risk,Ruby
gperftools-2.16-r0,wolfi-apks,No file,No risk,Ruby
jruby-9.4-9.4.8.0-r1,wolfi-apks,/tmp/jruby-9.4-9.4.8.0-r1.apk2232107342/jni/aarch64-FreeBSD/libjffi-1.2.so,HIGH,Ruby
jruby-9.4-9.4.8.0-r1,wolfi-apks,/tmp/jruby-9.4-9.4.8.0-r1.apk2232107342/jni/i386-Windows/jffi-1.2.dll,HIGH,Ruby
jruby-9.4-9.4.8.0-r1,wolfi-apks,/tmp/jruby-9.4-9.4.8.0-r1.apk2232107342/jni/mips64el-Linux/libjffi-1.2.so,HIGH,Ruby
jruby-9.4-9.4.8.0-r1,wolfi-apks,/tmp/jruby-9.4-9.4.8.0-r1.apk2232107342/jni/ppc64-Linux/libjffi-1.2.so,HIGH,Ruby
jruby-9.4-9.4.8.0-r1,wolfi-apks,/tmp/jruby-9.4-9.4.8.0-r1.apk2232107342/jni/ppc64le-Linux/libjffi-1.2.so,HIGH,Ruby
jruby-9.4-9.4.8.0-r1,wolfi-apks,/tmp/jruby-9.4-9.4.8.0-r1.apk2232107342/jni/sparcv9-Linux/libjffi-1.2.so,HIGH,Ruby
jruby-9.4-9.4.8.0-r1,wolfi-apks,/tmp/jruby-9.4-9.4.8.0-r1.apk2232107342/jni/sparcv9-SunOS/libjffi-1.2.so,HIGH,Ruby
jruby-9.4-9.4.8.0-r1,wolfi-apks,/tmp/jruby-9.4-9.4.8.0-r1.apk2232107342/jni/x86_64-DragonFlyBSD/libjffi-1.2.so,HIGH,Ruby
jruby-9.4-9.4.8.0-r1,wolfi-apks,/tmp/jruby-9.4-9.4.8.0-r1.apk2232107342/jni/x86_64-FreeBSD/libjffi-1.2.so,HIGH,Ruby
jruby-9.4-9.4.8.0-r1,wolfi-apks,/tmp/jruby-9.4-9.4.8.0-r1.apk2232107342/jni/x86_64-Windows/jffi-1.2.dll,HIGH,Ruby
jruby-9.4-9.4.8.0-r1,wolfi-apks,/tmp/jruby-9.4-9.4.8.0-r1.apk2232107342/usr/share/jruby/bin/jruby,HIGH,Ruby
jruby-9.4-9.4.8.0-r1,wolfi-apks,/tmp/jruby-9.4-9.4.8.0-r1.apk2232107342/usr/share/jruby/bin/jruby.sh,HIGH,Ruby
jruby-9.4-9.4.8.0-r1,wolfi-apks,/tmp/jruby-9.4-9.4.8.0-r1.apk2232107342/usr/share/jruby/lib/jni/mips64el-Linux/libjffi-1.2.so,HIGH,Ruby
jruby-9.4-9.4.8.0-r1,wolfi-apks,/tmp/jruby-9.4-9.4.8.0-r1.apk2232107342/usr/share/jruby/lib/jni/ppc64-Linux/libjffi-1.2.so,HIGH,Ruby
jruby-9.4-9.4.8.0-r1,wolfi-apks,/tmp/jruby-9.4-9.4.8.0-r1.apk2232107342/usr/share/jruby/lib/jni/ppc64le-Linux/libjffi-1.2.so,HIGH,Ruby
jruby-9.4-9.4.8.0-r1,wolfi-apks,/tmp/jruby-9.4-9.4.8.0-r1.apk2232107342/usr/share/jruby/lib/jni/sparcv9-Linux/libjffi-1.2.so,HIGH,Ruby
jruby-9.4-9.4.8.0-r1,wolfi-apks,/tmp/jruby-9.4-9.4.8.0-r1.apk2232107342/usr/share/jruby/lib/ruby/gems/shared/gems/test-unit-3.5.3/lib/test/unit/diff.rb,HIGH,Ruby
jruby-9.4-9.4.8.0-r1,wolfi-apks,/tmp/jruby-9.4-9.4.8.0-r1.apk2232107342/usr/share/jruby/lib/ruby/stdlib/bundler/vendor/net-http-persistent/lib/net/http/persistent.rb,HIGH,Ruby
jruby-9.4-9.4.8.0-r1,wolfi-apks,/tmp/jruby-9.4-9.4.8.0-r1.apk2232107342/usr/share/jruby/lib/ruby/stdlib/libfixposix/binary/x86-freebsd/libfixposix.so,HIGH,Ruby
jruby-9.4-9.4.8.0-r1,wolfi-apks,/tmp/jruby-9.4-9.4.8.0-r1.apk2232107342/usr/share/jruby/lib/ruby/stdlib/libfixposix/binary/x86_64-freebsd/libfixposix.so,HIGH,Ruby
jruby-9.4-9.4.8.0-r1,wolfi-apks,/tmp/jruby-9.4-9.4.8.0-r1.apk2232107342/usr/share/jruby/lib/ruby/stdlib/rdoc/markdown/entities.rb,HIGH,Ruby
jruby-9.4-9.4.8.0-r1,wolfi-apks,/tmp/jruby-9.4-9.4.8.0-r1.apk2232107342/usr/share/jruby/lib/ruby/stdlib/socket.rb,HIGH,Ruby
keydb-6.3.4-r0,wolfi-apks,No file,No risk,Ruby
kube-fluentd-operator-1.18.2-r17,wolfi-apks,/tmp/kube-fluentd-operator-1.18.2-r17.apk3122676107/usr/lib/ruby/gems/3.2.0/ruby/3.2.0/gems/amq-protocol-2.3.2/lib/amq/protocol/client.rb,HIGH,Ruby
kube-fluentd-operator-1.18.2-r17,wolfi-apks,/tmp/kube-fluentd-operator-1.18.2-r17.apk3122676107/usr/lib/ruby/gems/3.2.0/ruby/3.2.0/gems/bigdecimal-3.1.8/ext/bigdecimal/missing/dtoa.c,HIGH,Ruby
kube-fluentd-operator-1.18.2-r17,wolfi-apks,/tmp/kube-fluentd-operator-1.18.2-r17.apk3122676107/usr/lib/ruby/gems/3.2.0/ruby/3.2.0/gems/bson-4.15.0/spec/bson/decimal128_spec.rb,HIGH,Ruby
kube-fluentd-operator-1.18.2-r17,wolfi-apks,/tmp/kube-fluentd-operator-1.18.2-r17.apk3122676107/usr/lib/ruby/gems/3.2.0/ruby/3.2.0/gems/bson-4.15.0/spec/shared/shlib/server.sh,HIGH,Ruby
kube-fluentd-operator-1.18.2-r17,wolfi-apks,/tmp/kube-fluentd-operator-1.18.2-r17.apk3122676107/usr/lib/ruby/gems/3.2.0/ruby/3.2.0/gems/bson-4.15.0/spec/shared/shlib/set_env.sh,HIGH,Ruby
kube-fluentd-operator-1.18.2-r17,wolfi-apks,/tmp/kube-fluentd-operator-1.18.2-r17.apk3122676107/usr/lib/ruby/gems/3.2.0/ruby/3.2.0/gems/cool.io-1.8.0/ext/libev/ev.c,HIGH,Ruby
kube-fluentd-operator-1.18.2-r17,wolfi-apks,/tmp/kube-fluentd-operator-1.18.2-r17.apk3122676107/usr/lib/ruby/gems/3.2.0/ruby/3.2.0/gems/cool.io-1.8.1/ext/libev/ev.c,HIGH,Ruby
kube-fluentd-operator-1.18.2-r17,wolfi-apks,/tmp/kube-fluentd-operator-1.18.2-r17.apk3122676107/usr/lib/ruby/gems/3.2.0/ruby/3.2.0/gems/digest-crc-0.6.5/ext/digest/crc12_3gpp/crc12_3gpp.c,HIGH,Ruby
kube-fluentd-operator-1.18.2-r17,wolfi-apks,/tmp/kube-fluentd-operator-1.18.2-r17.apk3122676107/usr/lib/ruby/gems/3.2.0/ruby/3.2.0/gems/digest-crc-0.6.5/ext/digest/crc15/crc15.c,HIGH,Ruby
kube-fluentd-operator-1.18.2-r17,wolfi-apks,/tmp/kube-fluentd-operator-1.18.2-r17.apk3122676107/usr/lib/ruby/gems/3.2.0/ruby/3.2.0/gems/digest-crc-0.6.5/ext/digest/crc16/crc16.c,HIGH,Ruby
kube-fluentd-operator-1.18.2-r17,wolfi-apks,/tmp/kube-fluentd-operator-1.18.2-r17.apk3122676107/usr/lib/ruby/gems/3.2.0/ruby/3.2.0/gems/digest-crc-0.6.5/ext/digest/crc16_ccitt/crc16_ccitt.c,HIGH,Ruby
kube-fluentd-operator-1.18.2-r17,wolfi-apks,/tmp/kube-fluentd-operator-1.18.2-r17.apk3122676107/usr/lib/ruby/gems/3.2.0/ruby/3.2.0/gems/digest-crc-0.6.5/ext/digest/crc16_dnp/crc16_dnp.c,HIGH,Ruby
kube-fluentd-operator-1.18.2-r17,wolfi-apks,/tmp/kube-fluentd-operator-1.18.2-r17.apk3122676107/usr/lib/ruby/gems/3.2.0/ruby/3.2.0/gems/digest-crc-0.6.5/ext/digest/crc16_genibus/crc16_genibus.c,HIGH,Ruby
kube-fluentd-operator-1.18.2-r17,wolfi-apks,/tmp/kube-fluentd-operator-1.18.2-r17.apk3122676107/usr/lib/ruby/gems/3.2.0/ruby/3.2.0/gems/digest-crc-0.6.5/ext/digest/crc16_kermit/crc16_kermit.c,HIGH,Ruby
kube-fluentd-operator-1.18.2-r17,wolfi-apks,/tmp/kube-fluentd-operator-1.18.2-r17.apk3122676107/usr/lib/ruby/gems/3.2.0/ruby/3.2.0/gems/digest-crc-0.6.5/ext/digest/crc16_modbus/crc16_modbus.c,HIGH,Ruby
kube-fluentd-operator-1.18.2-r17,wolfi-apks,/tmp/kube-fluentd-operator-1.18.2-r17.apk3122676107/usr/lib/ruby/gems/3.2.0/ruby/3.2.0/gems/digest-crc-0.6.5/ext/digest/crc16_usb/crc16_usb.c,HIGH,Ruby
kube-fluentd-operator-1.18.2-r17,wolfi-apks,/tmp/kube-fluentd-operator-1.18.2-r17.apk3122676107/usr/lib/ruby/gems/3.2.0/ruby/3.2.0/gems/digest-crc-0.6.5/ext/digest/crc16_x_25/crc16_x_25.c,HIGH,Ruby
kube-fluentd-operator-1.18.2-r17,wolfi-apks,/tmp/kube-fluentd-operator-1.18.2-r17.apk3122676107/usr/lib/ruby/gems/3.2.0/ruby/3.2.0/gems/digest-crc-0.6.5/ext/digest/crc16_xmodem/crc16_xmodem.c,HIGH,Ruby
kube-fluentd-operator-1.18.2-r17,wolfi-apks,/tmp/kube-fluentd-operator-1.18.2-r17.apk3122676107/usr/lib/ruby/gems/3.2.0/ruby/3.2.0/gems/digest-crc-0.6.5/ext/digest/crc16_zmodem/crc16_zmodem.c,HIGH,Ruby
kube-fluentd-operator-1.18.2-r17,wolfi-apks,/tmp/kube-fluentd-operator-1.18.2-r17.apk3122676107/usr/lib/ruby/gems/3.2.0/ruby/3.2.0/gems/digest-crc-0.6.5/ext/digest/crc24/crc24.c,HIGH,Ruby
kube-fluentd-operator-1.18.2-r17,wolfi-apks,/tmp/kube-fluentd-operator-1.18.2-r17.apk3122676107/usr/lib/ruby/gems/3.2.0/ruby/3.2.0/gems/digest-crc-0.6.5/ext/digest/crc32/crc32.c,HIGH,Ruby
kube-fluentd-operator-1.18.2-r17,wolfi-apks,/tmp/kube-fluentd-operator-1.18.2-r17.apk3122676107/usr/lib/ruby/gems/3.2.0/ruby/3.2.0/gems/digest-crc-0.6.5/ext/digest/crc32_bzip2/crc32_bzip2.c,HIGH,Ruby
kube-fluentd-operator-1.18.2-r17,wolfi-apks,/tmp/kube-fluentd-operator-1.18.2-r17.apk3122676107/usr/lib/ruby/gems/3.2.0/ruby/3.2.0/gems/digest-crc-0.6.5/ext/digest/crc32_jam/crc32_jam.c,HIGH,Ruby
kube-fluentd-operator-1.18.2-r17,wolfi-apks,/tmp/kube-fluentd-operator-1.18.2-r17.apk3122676107/usr/lib/ruby/gems/3.2.0/ruby/3.2.0/gems/digest-crc-0.6.5/ext/digest/crc32_mpeg/crc32_mpeg.c,HIGH,Ruby
kube-fluentd-operator-1.18.2-r17,wolfi-apks,/tmp/kube-fluentd-operator-1.18.2-r17.apk3122676107/usr/lib/ruby/gems/3.2.0/ruby/3.2.0/gems/digest-crc-0.6.5/ext/digest/crc32_posix/crc32_posix.c,HIGH,Ruby
kube-fluentd-operator-1.18.2-r17,wolfi-apks,/tmp/kube-fluentd-operator-1.18.2-r17.apk3122676107/usr/lib/ruby/gems/3.2.0/ruby/3.2.0/gems/digest-crc-0.6.5/ext/digest/crc32_xfer/crc32_xfer.c,HIGH,Ruby
kube-fluentd-operator-1.18.2-r17,wolfi-apks,/tmp/kube-fluentd-operator-1.18.2-r17.apk3122676107/usr/lib/ruby/gems/3.2.0/ruby/3.2.0/gems/digest-crc-0.6.5/ext/digest/crc32c/crc32c.c,HIGH,Ruby
kube-fluentd-operator-1.18.2-r17,wolfi-apks,/tmp/kube-fluentd-operator-1.18.2-r17.apk3122676107/usr/lib/ruby/gems/3.2.0/ruby/3.2.0/gems/digest-crc-0.6.5/ext/digest/crc5/crc5.c,HIGH,Ruby
kube-fluentd-operator-1.18.2-r17,wolfi-apks,/tmp/kube-fluentd-operator-1.18.2-r17.apk3122676107/usr/lib/ruby/gems/3.2.0/ruby/3.2.0/gems/digest-crc-0.6.5/ext/digest/crc64/crc64.c,HIGH,Ruby
kube-fluentd-operator-1.18.2-r17,wolfi-apks,/tmp/kube-fluentd-operator-1.18.2-r17.apk3122676107/usr/lib/ruby/gems/3.2.0/ruby/3.2.0/gems/digest-crc-0.6.5/ext/digest/crc64_jones/crc64_jones.c,HIGH,Ruby
kube-fluentd-operator-1.18.2-r17,wolfi-apks,/tmp/kube-fluentd-operator-1.18.2-r17.apk3122676107/usr/lib/ruby/gems/3.2.0/ruby/3.2.0/gems/digest-crc-0.6.5/ext/digest/crc64_xz/crc64_xz.c,HIGH,Ruby
kube-fluentd-operator-1.18.2-r17,wolfi-apks,/tmp/kube-fluentd-operator-1.18.2-r17.apk3122676107/usr/lib/ruby/gems/3.2.0/ruby/3.2.0/gems/digest-crc-0.6.5/ext/digest/crc8/crc8.c,HIGH,Ruby
kube-fluentd-operator-1.18.2-r17,wolfi-apks,/tmp/kube-fluentd-operator-1.18.2-r17.apk3122676107/usr/lib/ruby/gems/3.2.0/ruby/3.2.0/gems/digest-crc-0.6.5/ext/digest/crc8_1wire/crc8_1wire.c,HIGH,Ruby
kube-fluentd-operator-1.18.2-r17,wolfi-apks,/tmp/kube-fluentd-operator-1.18.2-r17.apk3122676107/usr/lib/ruby/gems/3.2.0/ruby/3.2.0/gems/digest-crc-0.6.5/lib/digest/crc15.rb,HIGH,Ruby
kube-fluentd-operator-1.18.2-r17,wolfi-apks,/tmp/kube-fluentd-operator-1.18.2-r17.apk3122676107/usr/lib/ruby/gems/3.2.0/ruby/3.2.0/gems/digest-crc-0.6.5/lib/digest/crc16.rb,HIGH,Ruby
kube-fluentd-operator-1.18.2-r17,wolfi-apks,/tmp/kube-fluentd-operator-1.18.2-r17.apk3122676107/usr/lib/ruby/gems/3.2.0/ruby/3.2.0/gems/digest-crc-0.6.5/lib/digest/crc16_ccitt.rb,HIGH,Ruby
kube-fluentd-operator-1.18.2-r17,wolfi-apks,/tmp/kube-fluentd-operator-1.18.2-r17.apk3122676107/usr/lib/ruby/gems/3.2.0/ruby/3.2.0/gems/digest-crc-0.6.5/lib/digest/crc16_dnp.rb,HIGH,Ruby
kube-fluentd-operator-1.18.2-r17,wolfi-apks,/tmp/kube-fluentd-operator-1.18.2-r17.apk3122676107/usr/lib/ruby/gems/3.2.0/ruby/3.2.0/gems/digest-crc-0.6.5/lib/digest/crc16_genibus.rb,HIGH,Ruby
kube-fluentd-operator-1.18.2-r17,wolfi-apks,/tmp/kube-fluentd-operator-1.18.2-r17.apk3122676107/usr/lib/ruby/gems/3.2.0/ruby/3.2.0/gems/digest-crc-0.6.5/lib/digest/crc16_kermit.rb,HIGH,Ruby
kube-fluentd-operator-1.18.2-r17,wolfi-apks,/tmp/kube-fluentd-operator-1.18.2-r17.apk3122676107/usr/lib/ruby/gems/3.2.0/ruby/3.2.0/gems/digest-crc-0.6.5/lib/digest/crc16_modbus.rb,HIGH,Ruby
kube-fluentd-operator-1.18.2-r17,wolfi-apks,/tmp/kube-fluentd-operator-1.18.2-r17.apk3122676107/usr/lib/ruby/gems/3.2.0/ruby/3.2.0/gems/digest-crc-0.6.5/lib/digest/crc16_x_25.rb,HIGH,Ruby
kube-fluentd-operator-1.18.2-r17,wolfi-apks,/tmp/kube-fluentd-operator-1.18.2-r17.apk3122676107/usr/lib/ruby/gems/3.2.0/ruby/3.2.0/gems/digest-crc-0.6.5/lib/digest/crc16_xmodem.rb,HIGH,Ruby
kube-fluentd-operator-1.18.2-r17,wolfi-apks,/tmp/kube-fluentd-operator-1.18.2-r17.apk3122676107/usr/lib/ruby/gems/3.2.0/ruby/3.2.0/gems/digest-crc-0.6.5/lib/digest/crc16_zmodem.rb,HIGH,Ruby
kube-fluentd-operator-1.18.2-r17,wolfi-apks,/tmp/kube-fluentd-operator-1.18.2-r17.apk3122676107/usr/lib/ruby/gems/3.2.0/ruby/3.2.0/gems/digest-crc-0.6.5/lib/digest/crc24.rb,HIGH,Ruby
kube-fluentd-operator-1.18.2-r17,wolfi-apks,/tmp/kube-fluentd-operator-1.18.2-r17.apk3122676107/usr/lib/ruby/gems/3.2.0/ruby/3.2.0/gems/digest-crc-0.6.5/lib/digest/crc32.rb,HIGH,Ruby
kube-fluentd-operator-1.18.2-r17,wolfi-apks,/tmp/kube-fluentd-operator-1.18.2-r17.apk3122676107/usr/lib/ruby/gems/3.2.0/ruby/3.2.0/gems/digest-crc-0.6.5/lib/digest/crc32_bzip2.rb,HIGH,Ruby
kube-fluentd-operator-1.18.2-r17,wolfi-apks,/tmp/kube-fluentd-operator-1.18.2-r17.apk3122676107/usr/lib/ruby/gems/3.2.0/ruby/3.2.0/gems/digest-crc-0.6.5/lib/digest/crc32_mpeg.rb,HIGH,Ruby
kube-fluentd-operator-1.18.2-r17,wolfi-apks,/tmp/kube-fluentd-operator-1.18.2-r17.apk3122676107/usr/lib/ruby/gems/3.2.0/ruby/3.2.0/gems/digest-crc-0.6.5/lib/digest/crc32_posix.rb,HIGH,Ruby
kube-fluentd-operator-1.18.2-r17,wolfi-apks,/tmp/kube-fluentd-operator-1.18.2-r17.apk3122676107/usr/lib/ruby/gems/3.2.0/ruby/3.2.0/gems/digest-crc-0.6.5/lib/digest/crc32_xfer.rb,HIGH,Ruby
kube-fluentd-operator-1.18.2-r17,wolfi-apks,/tmp/kube-fluentd-operator-1.18.2-r17.apk3122676107/usr/lib/ruby/gems/3.2.0/ruby/3.2.0/gems/digest-crc-0.6.5/lib/digest/crc32c.rb,HIGH,Ruby
kube-fluentd-operator-1.18.2-r17,wolfi-apks,/tmp/kube-fluentd-operator-1.18.2-r17.apk3122676107/usr/lib/ruby/gems/3.2.0/ruby/3.2.0/gems/digest-crc-0.6.5/lib/digest/crc5.rb,HIGH,Ruby
kube-fluentd-operator-1.18.2-r17,wolfi-apks,/tmp/kube-fluentd-operator-1.18.2-r17.apk3122676107/usr/lib/ruby/gems/3.2.0/ruby/3.2.0/gems/digest-crc-0.6.5/lib/digest/crc64.rb,HIGH,Ruby
kube-fluentd-operator-1.18.2-r17,wolfi-apks,/tmp/kube-fluentd-operator-1.18.2-r17.apk3122676107/usr/lib/ruby/gems/3.2.0/ruby/3.2.0/gems/digest-crc-0.6.5/lib/digest/crc64_jones.rb,HIGH,Ruby
kube-fluentd-operator-1.18.2-r17,wolfi-apks,/tmp/kube-fluentd-operator-1.18.2-r17.apk3122676107/usr/lib/ruby/gems/3.2.0/ruby/3.2.0/gems/digest-crc-0.6.5/lib/digest/crc64_xz.rb,HIGH,Ruby
kube-fluentd-operator-1.18.2-r17,wolfi-apks,/tmp/kube-fluentd-operator-1.18.2-r17.apk3122676107/usr/lib/ruby/gems/3.2.0/ruby/3.2.0/gems/digest-crc-0.6.5/lib/digest/crc8.rb,HIGH,Ruby
kube-fluentd-operator-1.18.2-r17,wolfi-apks,/tmp/kube-fluentd-operator-1.18.2-r17.apk3122676107/usr/lib/ruby/gems/3.2.0/ruby/3.2.0/gems/digest-crc-0.6.5/lib/digest/crc8_1wire.rb,HIGH,Ruby
kube-fluentd-operator-1.18.2-r17,wolfi-apks,/tmp/kube-fluentd-operator-1.18.2-r17.apk3122676107/usr/lib/ruby/gems/3.2.0/ruby/3.2.0/gems/domain_name-0.5.20190701/test/test_domain_name-punycode.rb,HIGH,Ruby
kube-fluentd-operator-1.18.2-r17,wolfi-apks,/tmp/kube-fluentd-operator-1.18.2-r17.apk3122676107/usr/lib/ruby/gems/3.2.0/ruby/3.2.0/gems/ffi-1.15.5/ext/ffi_c/libffi/config.guess,HIGH,Ruby
kube-fluentd-operator-1.18.2-r17,wolfi-apks,/tmp/kube-fluentd-operator-1.18.2-r17.apk3122676107/usr/lib/ruby/gems/3.2.0/ruby/3.2.0/gems/fluent-plugin-detect-exceptions-0.0.15/test/plugin/test_exception_detector.rb,HIGH,Ruby
kube-fluentd-operator-1.18.2-r17,wolfi-apks,/tmp/kube-fluentd-operator-1.18.2-r17.apk3122676107/usr/lib/ruby/gems/3.2.0/ruby/3.2.0/gems/fluent-plugin-elasticsearch-5.3.0/test/plugin/test_out_elasticsearch.rb,HIGH,Ruby
kube-fluentd-operator-1.18.2-r17,wolfi-apks,/tmp/kube-fluentd-operator-1.18.2-r17.apk3122676107/usr/lib/ruby/gems/3.2.0/ruby/3.2.0/gems/fluent-plugin-elasticsearch-5.3.0/test/plugin/test_out_elasticsearch_dynamic.rb,HIGH,Ruby
kube-fluentd-operator-1.18.2-r17,wolfi-apks,/tmp/kube-fluentd-operator-1.18.2-r17.apk3122676107/usr/lib/ruby/gems/3.2.0/ruby/3.2.0/gems/fluent-plugin-opensearch-1.1.0/test/plugin/test_out_opensearch.rb,HIGH,Ruby
kube-fluentd-operator-1.18.2-r17,wolfi-apks,/tmp/kube-fluentd-operator-1.18.2-r17.apk3122676107/usr/lib/ruby/gems/3.2.0/ruby/3.2.0/gems/fluentd-1.16.1/test/plugin/test_out_file.rb,HIGH,Ruby
kube-fluentd-operator-1.18.2-r17,wolfi-apks,/tmp/kube-fluentd-operator-1.18.2-r17.apk3122676107/usr/lib/ruby/gems/3.2.0/ruby/3.2.0/gems/fluentd-1.16.1/test/plugin/test_out_secondary_file.rb,HIGH,Ruby
kube-fluentd-operator-1.18.2-r17,wolfi-apks,/tmp/kube-fluentd-operator-1.18.2-r17.apk3122676107/usr/lib/ruby/gems/3.2.0/ruby/3.2.0/gems/fluentd-1.16.2/test/plugin/test_out_file.rb,HIGH,Ruby
kube-fluentd-operator-1.18.2-r17,wolfi-apks,/tmp/kube-fluentd-operator-1.18.2-r17.apk3122676107/usr/lib/ruby/gems/3.2.0/ruby/3.2.0/gems/fluentd-1.16.2/test/plugin/test_out_secondary_file.rb,HIGH,Ruby
kube-fluentd-operator-1.18.2-r17,wolfi-apks,/tmp/kube-fluentd-operator-1.18.2-r17.apk3122676107/usr/lib/ruby/gems/3.2.0/ruby/3.2.0/gems/google-api-client-0.53.0/generated/google/apis/logging_v2/classes.rb,HIGH,Ruby
kube-fluentd-operator-1.18.2-r17,wolfi-apks,/tmp/kube-fluentd-operator-1.18.2-r17.apk3122676107/usr/lib/ruby/gems/3.2.0/ruby/3.2.0/gems/google-api-client-0.53.0/generated/google/apis/servicecontrol_v1/classes.rb,HIGH,Ruby
kube-fluentd-operator-1.18.2-r17,wolfi-apks,/tmp/kube-fluentd-operator-1.18.2-r17.apk3122676107/usr/lib/ruby/gems/3.2.0/ruby/3.2.0/gems/google-cloud-logging-2.3.2/lib/google/cloud/logging/entry/http_request.rb,HIGH,Ruby
kube-fluentd-operator-1.18.2-r17,wolfi-apks,/tmp/kube-fluentd-operator-1.18.2-r17.apk3122676107/usr/lib/ruby/gems/3.2.0/ruby/3.2.0/gems/google-cloud-logging-v2-0.11.0/proto_docs/google/logging/type/http_request.rb,HIGH,Ruby
kube-fluentd-operator-1.18.2-r17,wolfi-apks,/tmp/kube-fluentd-operator-1.18.2-r17.apk3122676107/usr/lib/ruby/gems/3.2.0/ruby/3.2.0/gems/google-protobuf-3.25.5-x86_64-linux/ext/google/protobuf_c/ruby-upb.c,HIGH,Ruby
kube-fluentd-operator-1.18.2-r17,wolfi-apks,/tmp/kube-fluentd-operator-1.18.2-r17.apk3122676107/usr/lib/ruby/gems/3.2.0/ruby/3.2.0/gems/googleapis-common-protos-types-1.16.0/lib/google/logging/type/http_request_pb.rb,HIGH,Ruby
kube-fluentd-operator-1.18.2-r17,wolfi-apks,/tmp/kube-fluentd-operator-1.18.2-r17.apk3122676107/usr/lib/ruby/gems/3.2.0/ruby/3.2.0/gems/grpc-1.58.3-x86_64-linux/src/ruby/lib/grpc/3.2/grpc_c.so,HIGH,Ruby
kube-fluentd-operator-1.18.2-r17,wolfi-apks,/tmp/kube-fluentd-operator-1.18.2-r17.apk3122676107/usr/lib/ruby/gems/3.2.0/ruby/3.2.0/gems/http_parser.rb-0.8.0/ext/ruby_http_parser/vendor/http-parser-java/src/impl/http_parser/lolevel/HTTPParser.java,HIGH,Ruby
kube-fluentd-operator-1.18.2-r17,wolfi-apks,/tmp/kube-fluentd-operator-1.18.2-r17.apk3122676107/usr/lib/ruby/gems/3.2.0/ruby/3.2.0/gems/http_parser.rb-0.8.0/ext/ruby_http_parser/vendor/http-parser-java/test.c,HIGH,Ruby
kube-fluentd-operator-1.18.2-r17,wolfi-apks,/tmp/kube-fluentd-operator-1.18.2-r17.apk3122676107/usr/lib/ruby/gems/3.2.0/ruby/3.2.0/gems/http_parser.rb-0.8.0/ext/ruby_http_parser/vendor/http-parser/test.c,HIGH,Ruby
kube-fluentd-operator-1.18.2-r17,wolfi-apks,/tmp/kube-fluentd-operator-1.18.2-r17.apk3122676107/usr/lib/ruby/gems/3.2.0/ruby/3.2.0/gems/mongo-2.6.4/lib/mongo/auth/stringprep/tables.rb,HIGH,Ruby
kube-fluentd-operator-1.18.2-r17,wolfi-apks,/tmp/kube-fluentd-operator-1.18.2-r17.apk3122676107/usr/lib/ruby/gems/3.2.0/ruby/3.2.0/gems/msgpack-1.7.2/ext/msgpack/unpacker.c,HIGH,Ruby
kube-fluentd-operator-1.18.2-r17,wolfi-apks,/tmp/kube-fluentd-operator-1.18.2-r17.apk3122676107/usr/lib/ruby/gems/3.2.0/ruby/3.2.0/gems/net-http-persistent-4.0.2/lib/net/http/persistent.rb,HIGH,Ruby
kube-fluentd-operator-1.18.2-r17,wolfi-apks,/tmp/kube-fluentd-operator-1.18.2-r17.apk3122676107/usr/lib/ruby/gems/3.2.0/ruby/3.2.0/gems/oj-3.13.23/ext/oj/dump.c,HIGH,Ruby
kube-fluentd-operator-1.18.2-r17,wolfi-apks,/tmp/kube-fluentd-operator-1.18.2-r17.apk3122676107/usr/lib/ruby/gems/3.2.0/ruby/3.2.0/gems/rack-3.1.7/lib/rack/show_exceptions.rb,HIGH,Ruby
kube-fluentd-operator-1.18.2-r17,wolfi-apks,/tmp/kube-fluentd-operator-1.18.2-r17.apk3122676107/usr/lib/ruby/gems/3.2.0/ruby/3.2.0/gems/systemd-journal-1.4.2/examples/ssh_watcher.rb,HIGH,Ruby
kube-fluentd-operator-1.18.2-r17,wolfi-apks,/tmp/kube-fluentd-operator-1.18.2-r17.apk3122676107/usr/lib/ruby/gems/3.2.0/ruby/3.2.0/gems/systemd-journal-1.4.2/lib/systemd/journal/filterable.rb,HIGH,Ruby
kube-fluentd-operator-1.18.2-r17,wolfi-apks,/tmp/kube-fluentd-operator-1.18.2-r17.apk3122676107/usr/lib/ruby/gems/3.2.0/ruby/3.2.0/gems/systemd-journal-1.4.2/spec/fixtures/test.json,HIGH,Ruby
libhtp-0.5.49-r0,wolfi-apks,No file,No risk,Ruby
libnet-1.3-r2,wolfi-apks,No file,No risk,Ruby
logstash-8.15.2-r1,wolfi-apks,/tmp/logstash-8.15.2-r1.apk1079528103/META-INF/native/linux32/libjansi.so,HIGH,Ruby
logstash-8.15.2-r1,wolfi-apks,/tmp/logstash-8.15.2-r1.apk1079528103/META-INF/native/linux64/libjansi.so,HIGH,Ruby
logstash-8.15.2-r1,wolfi-apks,/tmp/logstash-8.15.2-r1.apk1079528103/META-INF/native/windows32/jansi.dll,HIGH,Ruby
logstash-8.15.2-r1,wolfi-apks,/tmp/logstash-8.15.2-r1.apk1079528103/META-INF/native/windows64/jansi.dll,HIGH,Ruby
logstash-8.15.2-r1,wolfi-apks,/tmp/logstash-8.15.2-r1.apk1079528103/freebsd/amd64/libzstd-jni-1.5.5-4.so,HIGH,Ruby
logstash-8.15.2-r1,wolfi-apks,/tmp/logstash-8.15.2-r1.apk1079528103/freebsd/i386/libzstd-jni-1.5.5-4.so,HIGH,Ruby
logstash-8.15.2-r1,wolfi-apks,/tmp/logstash-8.15.2-r1.apk1079528103/jni/aarch64-FreeBSD/libjffi-1.2.so,HIGH,Ruby
logstash-8.15.2-r1,wolfi-apks,/tmp/logstash-8.15.2-r1.apk1079528103/jni/i386-Windows/jffi-1.2.dll,HIGH,Ruby
logstash-8.15.2-r1,wolfi-apks,/tmp/logstash-8.15.2-r1.apk1079528103/jni/mips64el-Linux/libjffi-1.2.so,HIGH,Ruby
logstash-8.15.2-r1,wolfi-apks,/tmp/logstash-8.15.2-r1.apk1079528103/jni/ppc64-Linux/libjffi-1.2.so,HIGH,Ruby
logstash-8.15.2-r1,wolfi-apks,/tmp/logstash-8.15.2-r1.apk1079528103/jni/ppc64le-Linux/libjffi-1.2.so,HIGH,Ruby
logstash-8.15.2-r1,wolfi-apks,/tmp/logstash-8.15.2-r1.apk1079528103/jni/sparcv9-Linux/libjffi-1.2.so,HIGH,Ruby
logstash-8.15.2-r1,wolfi-apks,/tmp/logstash-8.15.2-r1.apk1079528103/jni/sparcv9-SunOS/libjffi-1.2.so,HIGH,Ruby
logstash-8.15.2-r1,wolfi-apks,/tmp/logstash-8.15.2-r1.apk1079528103/jni/x86_64-DragonFlyBSD/libjffi-1.2.so,HIGH,Ruby
logstash-8.15.2-r1,wolfi-apks,/tmp/logstash-8.15.2-r1.apk1079528103/jni/x86_64-FreeBSD/libjffi-1.2.so,HIGH,Ruby
logstash-8.15.2-r1,wolfi-apks,/tmp/logstash-8.15.2-r1.apk1079528103/jni/x86_64-Windows/jffi-1.2.dll,HIGH,Ruby
logstash-8.15.2-r1,wolfi-apks,/tmp/logstash-8.15.2-r1.apk1079528103/linux/ppc64/libzstd-jni-1.5.5-4.so,HIGH,Ruby
logstash-8.15.2-r1,wolfi-apks,/tmp/logstash-8.15.2-r1.apk1079528103/linux/ppc64le/libzstd-jni-1.5.5-4.so,HIGH,Ruby
logstash-8.15.2-r1,wolfi-apks,/tmp/logstash-8.15.2-r1.apk1079528103/net/jpountz/util/linux/amd64/liblz4-java.so,HIGH,Ruby
logstash-8.15.2-r1,wolfi-apks,/tmp/logstash-8.15.2-r1.apk1079528103/net/jpountz/util/linux/i386/liblz4-java.so,HIGH,Ruby
logstash-8.15.2-r1,wolfi-apks,/tmp/logstash-8.15.2-r1.apk1079528103/net/jpountz/util/linux/ppc64le/liblz4-java.so,HIGH,Ruby
logstash-8.15.2-r1,wolfi-apks,/tmp/logstash-8.15.2-r1.apk1079528103/net/jpountz/util/linux/s390x/liblz4-java.so,HIGH,Ruby
logstash-8.15.2-r1,wolfi-apks,/tmp/logstash-8.15.2-r1.apk1079528103/net/jpountz/util/win32/amd64/liblz4-java.so,HIGH,Ruby
logstash-8.15.2-r1,wolfi-apks,/tmp/logstash-8.15.2-r1.apk1079528103/org/xerial/snappy/native/FreeBSD/x86_64/libsnappyjava.so,HIGH,Ruby
logstash-8.15.2-r1,wolfi-apks,/tmp/logstash-8.15.2-r1.apk1079528103/org/xerial/snappy/native/Linux/ppc/libsnappyjava.so,HIGH,Ruby
logstash-8.15.2-r1,wolfi-apks,/tmp/logstash-8.15.2-r1.apk1079528103/org/xerial/snappy/native/Linux/ppc64/libsnappyjava.so,HIGH,Ruby
logstash-8.15.2-r1,wolfi-apks,/tmp/logstash-8.15.2-r1.apk1079528103/org/xerial/snappy/native/Linux/x86/libsnappyjava.so,HIGH,Ruby
logstash-8.15.2-r1,wolfi-apks,/tmp/logstash-8.15.2-r1.apk1079528103/org/xerial/snappy/native/Linux/x86_64/libsnappyjava.so,HIGH,Ruby
logstash-8.15.2-r1,wolfi-apks,/tmp/logstash-8.15.2-r1.apk1079528103/org/xerial/snappy/native/SunOS/sparc/libsnappyjava.so,HIGH,Ruby
logstash-8.15.2-r1,wolfi-apks,/tmp/logstash-8.15.2-r1.apk1079528103/org/xerial/snappy/native/SunOS/x86/libsnappyjava.so,HIGH,Ruby
logstash-8.15.2-r1,wolfi-apks,/tmp/logstash-8.15.2-r1.apk1079528103/org/xerial/snappy/native/SunOS/x86_64/libsnappyjava.so,HIGH,Ruby
logstash-8.15.2-r1,wolfi-apks,/tmp/logstash-8.15.2-r1.apk1079528103/org/xerial/snappy/native/Windows/x86/snappyjava.dll,HIGH,Ruby
logstash-8.15.2-r1,wolfi-apks,/tmp/logstash-8.15.2-r1.apk1079528103/org/xerial/snappy/native/Windows/x86_64/snappyjava.dll,HIGH,Ruby
logstash-8.15.2-r1,wolfi-apks,/tmp/logstash-8.15.2-r1.apk1079528103/usr/share/logstash/vendor/bundle/jruby/3.1.0/gems/fpm-1.15.1/lib/fpm/package.rb,HIGH,Ruby
logstash-8.15.2-r1,wolfi-apks,/tmp/logstash-8.15.2-r1.apk1079528103/usr/share/logstash/vendor/bundle/jruby/3.1.0/gems/fpm-1.15.1/lib/fpm/package/deb.rb,HIGH,Ruby
logstash-8.15.2-r1,wolfi-apks,/tmp/logstash-8.15.2-r1.apk1079528103/usr/share/logstash/vendor/bundle/jruby/3.1.0/gems/fpm-1.15.1/lib/fpm/package/osxpkg.rb,HIGH,Ruby
logstash-8.15.2-r1,wolfi-apks,/tmp/logstash-8.15.2-r1.apk1079528103/usr/share/logstash/vendor/bundle/jruby/3.1.0/gems/fpm-1.15.1/lib/fpm/package/pleaserun.rb,HIGH,Ruby
logstash-8.15.2-r1,wolfi-apks,/tmp/logstash-8.15.2-r1.apk1079528103/usr/share/logstash/vendor/bundle/jruby/3.1.0/gems/fpm-1.15.1/lib/fpm/package/rpm.rb,HIGH,Ruby
logstash-8.15.2-r1,wolfi-apks,/tmp/logstash-8.15.2-r1.apk1079528103/usr/share/logstash/vendor/bundle/jruby/3.1.0/gems/fpm-1.15.1/lib/fpm/package/solaris.rb,HIGH,Ruby
logstash-8.15.2-r1,wolfi-apks,/tmp/logstash-8.15.2-r1.apk1079528103/usr/share/logstash/vendor/bundle/jruby/3.1.0/gems/http_parser.rb-0.6.0-java/ext/ruby_http_parser/vendor/http-parser-java/src/impl/http_parser/lolevel/HTTPParser.java,HIGH,Ruby
logstash-8.15.2-r1,wolfi-apks,/tmp/logstash-8.15.2-r1.apk1079528103/usr/share/logstash/vendor/bundle/jruby/3.1.0/gems/http_parser.rb-0.6.0-java/ext/ruby_http_parser/vendor/http-parser-java/test.c,HIGH,Ruby
logstash-8.15.2-r1,wolfi-apks,/tmp/logstash-8.15.2-r1.apk1079528103/usr/share/logstash/vendor/bundle/jruby/3.1.0/gems/http_parser.rb-0.6.0-java/ext/ruby_http_parser/vendor/http-parser/test.c,HIGH,Ruby
logstash-8.15.2-r1,wolfi-apks,/tmp/logstash-8.15.2-r1.apk1079528103/usr/share/logstash/vendor/bundle/jruby/3.1.0/gems/logstash-input-file-4.4.6/lib/logstash/inputs/file.rb,HIGH,Ruby
logstash-8.15.2-r1,wolfi-apks,/tmp/logstash-8.15.2-r1.apk1079528103/usr/share/logstash/vendor/bundle/jruby/3.1.0/gems/nio4r-2.7.3-java/ext/libev/ev.c,HIGH,Ruby
logstash-8.15.2-r1,wolfi-apks,/tmp/logstash-8.15.2-r1.apk1079528103/usr/share/logstash/vendor/bundle/jruby/3.1.0/gems/puma-6.4.3-java/ext/puma_http11/mini_ssl.c,HIGH,Ruby
logstash-8.15.2-r1,wolfi-apks,/tmp/logstash-8.15.2-r1.apk1079528103/usr/share/logstash/vendor/bundle/jruby/3.1.0/gems/puma-6.4.3-java/lib/puma/dsl.rb,HIGH,Ruby
logstash-8.15.2-r1,wolfi-apks,/tmp/logstash-8.15.2-r1.apk1079528103/usr/share/logstash/vendor/bundle/jruby/3.1.0/gems/rack-3.1.7/lib/rack/show_exceptions.rb,HIGH,Ruby
logstash-8.15.2-r1,wolfi-apks,/tmp/logstash-8.15.2-r1.apk1079528103/usr/share/logstash/vendor/bundle/jruby/3.1.0/gems/redis-4.8.1/lib/redis/cluster/key_slot_converter.rb,HIGH,Ruby
logstash-8.15.2-r1,wolfi-apks,/tmp/logstash-8.15.2-r1.apk1079528103/usr/share/logstash/vendor/jruby/bin/jruby,HIGH,Ruby
logstash-8.15.2-r1,wolfi-apks,/tmp/logstash-8.15.2-r1.apk1079528103/usr/share/logstash/vendor/jruby/bin/jruby.dll,HIGH,Ruby
logstash-8.15.2-r1,wolfi-apks,/tmp/logstash-8.15.2-r1.apk1079528103/usr/share/logstash/vendor/jruby/bin/jruby.sh,HIGH,Ruby
logstash-8.15.2-r1,wolfi-apks,/tmp/logstash-8.15.2-r1.apk1079528103/usr/share/logstash/vendor/jruby/lib/ruby/gems/shared/gems/test-unit-3.5.3/lib/test/unit/diff.rb,HIGH,Ruby
logstash-8.15.2-r1,wolfi-apks,/tmp/logstash-8.15.2-r1.apk1079528103/usr/share/logstash/vendor/jruby/lib/ruby/stdlib/bundler/vendor/net-http-persistent/lib/net/http/persistent.rb,HIGH,Ruby
logstash-8.15.2-r1,wolfi-apks,/tmp/logstash-8.15.2-r1.apk1079528103/usr/share/logstash/vendor/jruby/lib/ruby/stdlib/libfixposix/binary/x86-freebsd/libfixposix.so,HIGH,Ruby
logstash-8.15.2-r1,wolfi-apks,/tmp/logstash-8.15.2-r1.apk1079528103/usr/share/logstash/vendor/jruby/lib/ruby/stdlib/libfixposix/binary/x86_64-freebsd/libfixposix.so,HIGH,Ruby
logstash-8.15.2-r1,wolfi-apks,/tmp/logstash-8.15.2-r1.apk1079528103/usr/share/logstash/vendor/jruby/lib/ruby/stdlib/rdoc/markdown/entities.rb,HIGH,Ruby
logstash-8.15.2-r1,wolfi-apks,/tmp/logstash-8.15.2-r1.apk1079528103/usr/share/logstash/vendor/jruby/lib/ruby/stdlib/socket.rb,HIGH,Ruby
logstash-filter-xml-4.2.0-r1,wolfi-apks,No file,No risk,Ruby
logstash-integration-jdbc-5.5.0-r0,wolfi-apks,No file,No risk,Ruby
logstash-output-opensearch-2.0.2-r1,wolfi-apks,No file,No risk,Ruby
loki-3.2-3.2.0-r1,wolfi-apks,No file,No risk,Ruby
pgcat-1.2.0-r1,wolfi-apks,No file,No risk,Ruby
ruby-3.1-3.1.6-r3,wolfi-apks,/tmp/ruby-3.1-3.1.6-r3.apk146158268/usr/lib/ruby/3.1.0/rdoc/markdown/entities.rb,HIGH,Ruby
ruby-3.1-3.1.6-r3,wolfi-apks,/tmp/ruby-3.1-3.1.6-r3.apk146158268/usr/lib/ruby/3.1.0/socket.rb,HIGH,Ruby
ruby-3.1-3.1.6-r3,wolfi-apks,/tmp/ruby-3.1-3.1.6-r3.apk146158268/usr/lib/ruby/gems/3.1.0/gems/test-unit-3.5.3/lib/test/unit/diff.rb,HIGH,Ruby
ruby-3.2-3.2.5-r2,wolfi-apks,/tmp/ruby-3.2-3.2.5-r2.apk3785567567/usr/lib/ruby/3.2.0/rdoc/markdown/entities.rb,HIGH,Ruby
ruby-3.2-3.2.5-r2,wolfi-apks,/tmp/ruby-3.2-3.2.5-r2.apk3785567567/usr/lib/ruby/3.2.0/socket.rb,HIGH,Ruby
ruby-3.2-3.2.5-r2,wolfi-apks,/tmp/ruby-3.2-3.2.5-r2.apk3785567567/usr/lib/ruby/gems/3.2.0/gems/test-unit-3.5.7/lib/test/unit/diff.rb,HIGH,Ruby
ruby-3.3-3.3.5-r1,wolfi-apks,/tmp/ruby-3.3-3.3.5-r1.apk2203244036/usr/lib/ruby/3.3.0/rdoc/markdown/entities.rb,HIGH,Ruby
ruby-3.3-3.3.5-r1,wolfi-apks,/tmp/ruby-3.3-3.3.5-r1.apk2203244036/usr/lib/ruby/3.3.0/ruby_vm/rjit/assembler.rb,HIGH,Ruby
ruby-3.3-3.3.5-r1,wolfi-apks,/tmp/ruby-3.3-3.3.5-r1.apk2203244036/usr/lib/ruby/3.3.0/socket.rb,HIGH,Ruby
ruby-3.3-3.3.5-r1,wolfi-apks,/tmp/ruby-3.3-3.3.5-r1.apk2203244036/usr/lib/ruby/gems/3.3.0/gems/test-unit-3.6.1/lib/test/unit/diff.rb,HIGH,Ruby
ruby3.0-bundler-2.5.21-r0,wolfi-apks,/tmp/ruby3.0-bundler-2.5.21-r0.apk1407698455/usr/lib/ruby/gems/3.0.0/gems/bundler-2.5.21/lib/bundler/vendor/net-http-persistent/lib/net/http/persistent.rb,HIGH,Ruby
ruby3.1-bundler-2.5.21-r0,wolfi-apks,/tmp/ruby3.1-bundler-2.5.21-r0.apk3996982960/usr/lib/ruby/gems/3.1.0/gems/bundler-2.5.21/lib/bundler/vendor/net-http-persistent/lib/net/http/persistent.rb,HIGH,Ruby
ruby3.2-activemodel-7.2.1-r0,wolfi-apks,No file,No risk,Ruby
ruby3.2-activesupport-7.2.1-r1,wolfi-apks,No file,No risk,Ruby
ruby3.2-addressable-2.8.7-r0,wolfi-apks,No file,No risk,Ruby
ruby3.2-aes_key_wrap-1.1.0-r4,wolfi-apks,No file,No risk,Ruby
ruby3.2-async-2.14.2-r0,wolfi-apks,No file,No risk,Ruby
ruby3.2-async-http-0.80.1-r0,wolfi-apks,No file,No risk,Ruby
ruby3.2-async-io-1.43.2-r1,wolfi-apks,No file,No risk,Ruby
ruby3.2-async-pool-0.8.1-r0,wolfi-apks,No file,No risk,Ruby
ruby3.2-attr_required-1.0.2-r1,wolfi-apks,No file,No risk,Ruby
ruby3.2-aws-eventstream-1.3.0-r3,wolfi-apks,No file,No risk,Ruby
ruby3.2-aws-partitions-1.957.0-r1,wolfi-apks,No file,No risk,Ruby
ruby3.2-aws-sdk-cloudwatchlogs-1.87.0-r3,wolfi-apks,No file,No risk,Ruby
ruby3.2-aws-sdk-core-3.201.3-r0,wolfi-apks,No file,No risk,Ruby
ruby3.2-aws-sdk-kms-1.88.0-r2,wolfi-apks,No file,No risk,Ruby
ruby3.2-aws-sdk-s3-1.156.0-r3,wolfi-apks,No file,No risk,Ruby
ruby3.2-aws-sdk-sqs-1.80.0-r3,wolfi-apks,No file,No risk,Ruby
ruby3.2-aws-sigv4-1.9.0-r0,wolfi-apks,No file,No risk,Ruby
ruby3.2-base64-0.2.0-r2,wolfi-apks,No file,No risk,Ruby
ruby3.2-bouncy-castle-java-1.5.0146.1-r1,wolfi-apks,No file,No risk,Ruby
ruby3.2-bundler-2.5.21-r0,wolfi-apks,/tmp/ruby3.2-bundler-2.5.21-r0.apk2463816068/usr/lib/ruby/gems/3.2.0/gems/bundler-2.5.21/lib/bundler/vendor/net-http-persistent/lib/net/http/persistent.rb,HIGH,Ruby
ruby3.2-charlock_holmes-0.7.9-r1,wolfi-apks,No file,No risk,Ruby
ruby3.2-chronic_duration-0.10.6-r2,wolfi-apks,No file,No risk,Ruby
ruby3.2-clamp-1.3.2-r1,wolfi-apks,No file,No risk,Ruby
ruby3.2-coderay-1.1.3-r1,wolfi-apks,No file,No risk,Ruby
ruby3.2-concurrent-ruby-1.3.4-r0,wolfi-apks,No file,No risk,Ruby
ruby3.2-connection_pool-2.4.1-r5,wolfi-apks,No file,No risk,Ruby
ruby3.2-console-1.27.0-r1,wolfi-apks,No file,No risk,Ruby
ruby3.2-csv-3.3.0-r0,wolfi-apks,No file,No risk,Ruby
ruby3.2-date-3.3.4-r4,wolfi-apks,No file,No risk,Ruby
ruby3.2-deep_merge-1.2.2-r1,wolfi-apks,No file,No risk,Ruby
ruby3.2-domain_name-0.6.20240107-r0,wolfi-apks,No file,No risk,Ruby
ruby3.2-drb-2.2.1-r0,wolfi-apks,No file,No risk,Ruby
ruby3.2-elastic-transport-8.3.5-r2,wolfi-apks,No file,No risk,Ruby
ruby3.2-elasticsearch-8.15.0-r0,wolfi-apks,No file,No risk,Ruby
ruby3.2-elasticsearch-api-8.15.0-r0,wolfi-apks,No file,No risk,Ruby
ruby3.2-excon-0.112.0-r0,wolfi-apks,No file,No risk,Ruby
ruby3.2-faraday-2.12.0-r0,wolfi-apks,No file,No risk,Ruby
ruby3.2-faraday-excon-2.1.0-r3,wolfi-apks,No file,No risk,Ruby
ruby3.2-faraday-follow_redirects-0.3.0-r6,wolfi-apks,No file,No risk,Ruby
ruby3.2-faraday-net_http-3.3.0-r0,wolfi-apks,No file,No risk,Ruby
ruby3.2-ffi-compiler-1.3.2-r0,wolfi-apks,No file,No risk,Ruby
ruby3.2-fiber-annotation-0.2.0-r0,wolfi-apks,No file,No risk,Ruby
ruby3.2-fiber-local-1.1.0-r1,wolfi-apks,No file,No risk,Ruby
ruby3.2-fiber-storage-1.0.0-r0,wolfi-apks,No file,No risk,Ruby
ruby3.2-filesize-0.1.1-r1,wolfi-apks,No file,No risk,Ruby
ruby3.2-fluent-config-regexp-type-1.0.0-r3,wolfi-apks,No file,No risk,Ruby
ruby3.2-fluentd-1.17-1.17.1-r1,wolfi-apks,No file,No risk,Ruby
ruby3.2-gems-1.2.0-r1,wolfi-apks,No file,No risk,Ruby
ruby3.2-hashie-5.0.0-r3,wolfi-apks,No file,No risk,Ruby
ruby3.2-http-5.2.0-r0,wolfi-apks,No file,No risk,Ruby
ruby3.2-http-accept-2.2.1-r0,wolfi-apks,No file,No risk,Ruby
ruby3.2-http-cookie-1.0.7-r0,wolfi-apks,No file,No risk,Ruby
ruby3.2-http-form_data-2.3.0-r0,wolfi-apks,No file,No risk,Ruby
ruby3.2-i18n-1.14.6-r0,wolfi-apks,No file,No risk,Ruby
ruby3.2-io-console-0.7.2-r0,wolfi-apks,No file,No risk,Ruby
ruby3.2-io-event-1.7.1-r0,wolfi-apks,No file,No risk,Ruby
ruby3.2-jar-dependencies-0.4.2-r1,wolfi-apks,No file,No risk,Ruby
ruby3.2-jmespath-1.6.2-r2,wolfi-apks,No file,No risk,Ruby
ruby3.2-jrjackson-0.4.20-r0,wolfi-apks,No file,No risk,Ruby
ruby3.2-jruby-openssl-0.15.1-r0,wolfi-apks,No file,No risk,Ruby
ruby3.2-json-2.7.2-r1,wolfi-apks,No file,No risk,Ruby
ruby3.2-json-jwt-1.16.6-r2,wolfi-apks,No file,No risk,Ruby
ruby3.2-jsonpath-1.1.5-r0,wolfi-apks,No file,No risk,Ruby
ruby3.2-jwt-2.9.3-r0,wolfi-apks,No file,No risk,Ruby
ruby3.2-kubeclient-4.12.0-r1,wolfi-apks,No file,No risk,Ruby
ruby3.2-llhttp-2023.03.29-r1,wolfi-apks,No file,No risk,Ruby
ruby3.2-logger-1.6.1-r0,wolfi-apks,No file,No risk,Ruby
ruby3.2-logstash-core-8.15.2-r0,wolfi-apks,No file,No risk,Ruby
ruby3.2-logstash-core-plugin-api-8.15.2-r0,wolfi-apks,No file,No risk,Ruby
ruby3.2-logstash-mixin-ecs_compatibility_support-1.3.0-r3,wolfi-apks,No file,No risk,Ruby
ruby3.2-lru_redux-1.1.0-r0,wolfi-apks,No file,No risk,Ruby
ruby3.2-method_source-1.1.0-r1,wolfi-apks,No file,No risk,Ruby
ruby3.2-mime-types-3.6.0-r0,wolfi-apks,No file,No risk,Ruby
ruby3.2-mime-types-data-3.2024.1001-r0,wolfi-apks,No file,No risk,Ruby
ruby3.2-minitar-1.0.2-r0,wolfi-apks,No file,No risk,Ruby
ruby3.2-mini_mime-1.1.5-r5,wolfi-apks,No file,No risk,Ruby
ruby3.2-multi_json-1.15.0-r3,wolfi-apks,No file,No risk,Ruby
ruby3.2-multi_xml-0.7.1-r1,wolfi-apks,No file,No risk,Ruby
ruby3.2-mustermann-3.0.3-r0,wolfi-apks,No file,No risk,Ruby
ruby3.2-net-http-persistent-4.0.2-r5,wolfi-apks,/tmp/ruby3.2-net-http-persistent-4.0.2-r5.apk2301122645/usr/lib/ruby/gems/3.2.0/gems/net-http-persistent-4.0.2/lib/net/http/persistent.rb,HIGH,Ruby
ruby3.2-net-imap-0.4.16-r0,wolfi-apks,No file,No risk,Ruby
ruby3.2-net-protocol-0.2.2-r5,wolfi-apks,No file,No risk,Ruby
ruby3.2-netrc-0.11.0-r0,wolfi-apks,No file,No risk,Ruby
ruby3.2-numerizer-0.2.0-r1,wolfi-apks,No file,No risk,Ruby
ruby3.2-oauth2-2.0.9-r2,wolfi-apks,No file,No risk,Ruby
ruby3.2-openid_connect-1.1.8-1.1.8-r5,wolfi-apks,No file,No risk,Ruby
ruby3.2-openid_connect-2.3.0-r4,wolfi-apks,No file,No risk,Ruby
ruby3.2-pg-1.5.8-r0,wolfi-apks,No file,No risk,Ruby
ruby3.2-prometheus-client-4.2.3-r1,wolfi-apks,No file,No risk,Ruby
ruby3.2-protocol-hpack-1.5.1-r0,wolfi-apks,/tmp/ruby3.2-protocol-hpack-1.5.1-r0.apk1124332191/usr/lib/ruby/gems/3.2.0/gems/protocol-hpack-1.5.1/lib/protocol/hpack/huffman.rb,HIGH,Ruby
ruby3.2-protocol-http-0.37.0-r0,wolfi-apks,No file,No risk,Ruby
ruby3.2-protocol-http1-0.27.0-r0,wolfi-apks,No file,No risk,Ruby
ruby3.2-protocol-http2-0.19.3-r0,wolfi-apks,No file,No risk,Ruby
ruby3.2-pry-0.14.2-r2,wolfi-apks,No file,No risk,Ruby
ruby3.2-psych-5.1.2-r1,wolfi-apks,No file,No risk,Ruby
ruby3.2-public_suffix-6.0.1-r0,wolfi-apks,No file,No risk,Ruby
ruby3.2-puma-6.4.3-r0,wolfi-apks,/tmp/ruby3.2-puma-6.4.3-r0.apk2012194223/usr/lib/ruby/gems/3.2.0/gems/puma-6.4.3/ext/puma_http11/mini_ssl.c,HIGH,Ruby
ruby3.2-puma-6.4.3-r0,wolfi-apks,/tmp/ruby3.2-puma-6.4.3-r0.apk2012194223/usr/lib/ruby/gems/3.2.0/gems/puma-6.4.3/lib/puma/dsl.rb,HIGH,Ruby
ruby3.2-rack-2.2-2.2.8.1-r2,wolfi-apks,/tmp/ruby3.2-rack-2.2-2.2.8.1-r2.apk3009778993/usr/lib/ruby/gems/3.2.0/gems/rack-2.2.8.1/lib/rack/show_exceptions.rb,HIGH,Ruby
ruby3.2-rack-3.0.9.1-r3,wolfi-apks,/tmp/ruby3.2-rack-3.0.9.1-r3.apk423472215/usr/lib/ruby/gems/3.2.0/gems/rack-3.0.9.1/lib/rack/show_exceptions.rb,HIGH,Ruby
ruby3.2-rack-protection-4.0.0-r2,wolfi-apks,No file,No risk,Ruby
ruby3.2-recursive-open-struct-2.0.0-r0,wolfi-apks,No file,No risk,Ruby
ruby3.2-redis-5.3.0-r0,wolfi-apks,No file,No risk,Ruby
ruby3.2-redis-client-0.22.2-r2,wolfi-apks,No file,No risk,Ruby
ruby3.2-redis-namespace-1.11.0-r4,wolfi-apks,No file,No risk,Ruby
ruby3.2-reline-0.5.10-r0,wolfi-apks,/tmp/ruby3.2-reline-0.5.10-r0.apk1674500173/usr/lib/ruby/gems/3.2.0/gems/reline-0.5.10/lib/reline/unicode/east_asian_width.rb,HIGH,Ruby
ruby3.2-rest-client-2.1.0-r0,wolfi-apks,No file,No risk,Ruby
ruby3.2-rexml-3.3.8-r0,wolfi-apks,No file,No risk,Ruby
ruby3.2-ruby2_keywords-0.0.5-r3,wolfi-apks,No file,No risk,Ruby
ruby3.2-rubyzip-2.3.2-r2,wolfi-apks,No file,No risk,Ruby
ruby3.2-securerandom-0.3.1-r0,wolfi-apks,No file,No risk,Ruby
ruby3.2-serverengine-2.3.2-r4,wolfi-apks,No file,No risk,Ruby
ruby3.2-sidekiq-7.3.2-r0,wolfi-apks,No file,No risk,Ruby
ruby3.2-sigdump-0.2.5-r3,wolfi-apks,No file,No risk,Ruby
ruby3.2-sinatra-4.0.0-r2,wolfi-apks,No file,No risk,Ruby
ruby3.2-snaky_hash-2.0.0-r2,wolfi-apks,No file,No risk,Ruby
ruby3.2-stringio-3.1.1-r0,wolfi-apks,No file,No risk,Ruby
ruby3.2-strptime-0.2.5-r5,wolfi-apks,No file,No risk,Ruby
ruby3.2-stud-0.0.23-r1,wolfi-apks,No file,No risk,Ruby
ruby3.2-systemd-journal-2.0.0-r0,wolfi-apks,/tmp/ruby3.2-systemd-journal-2.0.0-r0.apk3517954400/usr/lib/ruby/gems/3.2.0/gems/systemd-journal-2.0.0/examples/ssh_watcher.rb,HIGH,Ruby
ruby3.2-systemd-journal-2.0.0-r0,wolfi-apks,/tmp/ruby3.2-systemd-journal-2.0.0-r0.apk3517954400/usr/lib/ruby/gems/3.2.0/gems/systemd-journal-2.0.0/lib/systemd/journal/filterable.rb,HIGH,Ruby
ruby3.2-systemd-journal-2.0.0-r0,wolfi-apks,/tmp/ruby3.2-systemd-journal-2.0.0-r0.apk3517954400/usr/lib/ruby/gems/3.2.0/gems/systemd-journal-2.0.0/spec/fixtures/test.json,HIGH,Ruby
ruby3.2-thread_safe-0.3.6-r1,wolfi-apks,No file,No risk,Ruby
ruby3.2-tilt-2.4.0-r1,wolfi-apks,No file,No risk,Ruby
ruby3.2-timeout-0.4.1-r4,wolfi-apks,No file,No risk,Ruby
ruby3.2-timers-4.3.5-r4,wolfi-apks,No file,No risk,Ruby
ruby3.2-traces-0.13.1-r0,wolfi-apks,No file,No risk,Ruby
ruby3.2-treetop-1.6.12-r2,wolfi-apks,No file,No risk,Ruby
ruby3.2-tzinfo-2.0.6-r8,wolfi-apks,No file,No risk,Ruby
ruby3.2-tzinfo-data-1.2024.2-r0,wolfi-apks,No file,No risk,Ruby
ruby3.2-version_gem-1.1.4-r0,wolfi-apks,No file,No risk,Ruby
ruby3.2-webrick-1.8.2-r0,wolfi-apks,No file,No risk,Ruby
ruby3.2-yajl-ruby-1.4.3-r5,wolfi-apks,No file,No risk,Ruby
ruby3.3-bundler-2.5.21-r0,wolfi-apks,/tmp/ruby3.3-bundler-2.5.21-r0.apk2372563512/usr/lib/ruby/gems/3.3.0/gems/bundler-2.5.21/lib/bundler/vendor/net-http-persistent/lib/net/http/persistent.rb,HIGH,Ruby
timoni-0.22.0-r4,wolfi-apks,No file,No risk,Ruby
