Package,Dataset,#AVs,ALYac,APEX,AVG,Acronis,AhnLab-V3,Alibaba,Antiy-AVL,Arcabit,Avast,Avast-Mobile,Avira,Baidu,BitDefender,BitDefenderFalx,Bkav,CAT-QuickHeal,CMC,CTX,ClamAV,CrowdStrike,Cylance,Cynet,DeepInstinct,DrWeb,ESET-NOD32,Elastic,Emsisoft,F-Secure,FireEye,Fortinet,GData,Google,Gridinsoft,Ikarus,Jiangmin,K7AntiVirus,K7GW,Kaspersky,Kingsoft,Lionic,Malwarebytes,MaxSecure,McAfee,McAfeeD,MicroWorld-eScan,Microsoft,NANO-Antivirus,Paloalto,Panda,Rising,SUPERAntiSpyware,Sangfor,SentinelOne,Skyhigh,Sophos,Symantec,SymantecMobileInsight,TACHYON,Tencent,Trapmine,TrendMicro,TrendMicro-HouseCall,Trustlook,VBA32,VIPRE,Varist,ViRobot,VirIT,Webroot,Xcitium,Yandex,Zillya,ZoneAlarm,Zoner,alibabacloud,huorong,tehtris
add-position-99.10.9,dataset1,77,undetected,type-unsupported,undetected,undetected,undetected,type-unsupported,undetected,undetected,undetected,type-unsupported,undetected,undetected,undetected,type-unsupported,undetected,undetected,undetected,undetected,timeout,undetected,type-unsupported,undetected,type-unsupported,undetected,undetected,type-unsupported,undetected,undetected,undetected,undetected,undetected,undetected,undetected,undetected,undetected,undetected,undetected,malicious,undetected,undetected,undetected,undetected,timeout,type-unsupported,undetected,undetected,undetected,type-unsupported,undetected,undetected,undetected,undetected,type-unsupported,undetected,undetected,undetected,type-unsupported,undetected,undetected,type-unsupported,undetected,undetected,type-unsupported,undetected,undetected,undetected,undetected,undetected,type-unsupported,undetected,undetected,undetected,malicious,undetected,undetected,undetected,undetected
call-with-safe-iteration-closing-99.10.13,dataset1,77,undetected,type-unsupported,undetected,undetected,undetected,type-unsupported,undetected,undetected,undetected,type-unsupported,undetected,undetected,undetected,type-unsupported,undetected,undetected,undetected,undetected,undetected,undetected,type-unsupported,undetected,type-unsupported,undetected,undetected,type-unsupported,undetected,undetected,undetected,undetected,undetected,undetected,undetected,undetected,undetected,undetected,undetected,malicious,undetected,undetected,undetected,undetected,undetected,type-unsupported,undetected,undetected,undetected,type-unsupported,undetected,undetected,undetected,undetected,type-unsupported,undetected,undetected,undetected,type-unsupported,undetected,undetected,type-unsupported,undetected,undetected,type-unsupported,undetected,undetected,undetected,undetected,undetected,type-unsupported,undetected,undetected,undetected,malicious,undetected,undetected,undetected,undetected
cloudshelltest-99.10.9,dataset1,77,undetected,type-unsupported,undetected,undetected,undetected,type-unsupported,undetected,undetected,undetected,type-unsupported,undetected,undetected,undetected,type-unsupported,undetected,undetected,undetected,undetected,undetected,undetected,type-unsupported,undetected,type-unsupported,undetected,undetected,type-unsupported,undetected,undetected,undetected,undetected,undetected,undetected,undetected,undetected,undetected,undetected,undetected,malicious,undetected,undetected,undetected,undetected,undetected,type-unsupported,undetected,undetected,undetected,type-unsupported,undetected,undetected,undetected,undetected,type-unsupported,undetected,undetected,undetected,type-unsupported,undetected,undetected,type-unsupported,undetected,undetected,type-unsupported,undetected,undetected,undetected,undetected,undetected,type-unsupported,undetected,undetected,undetected,malicious,undetected,undetected,undetected,undetected
eslint-config-eslint-5.0.2,dataset1,77,undetected,type-unsupported,undetected,undetected,undetected,type-unsupported,undetected,undetected,undetected,type-unsupported,undetected,undetected,undetected,type-unsupported,undetected,undetected,undetected,undetected,undetected,undetected,type-unsupported,undetected,type-unsupported,undetected,undetected,type-unsupported,undetected,undetected,undetected,undetected,undetected,undetected,undetected,undetected,undetected,undetected,undetected,undetected,undetected,undetected,undetected,undetected,undetected,type-unsupported,undetected,undetected,undetected,type-unsupported,undetected,undetected,undetected,undetected,type-unsupported,undetected,undetected,undetected,type-unsupported,undetected,undetected,type-unsupported,undetected,undetected,type-unsupported,undetected,undetected,undetected,undetected,undetected,type-unsupported,undetected,undetected,undetected,undetected,undetected,undetected,undetected,undetected
ethers-4-99.10.9,dataset1,77,undetected,type-unsupported,undetected,undetected,undetected,type-unsupported,undetected,undetected,undetected,type-unsupported,undetected,undetected,undetected,type-unsupported,undetected,undetected,undetected,undetected,undetected,undetected,type-unsupported,undetected,type-unsupported,undetected,undetected,type-unsupported,undetected,undetected,undetected,undetected,undetected,undetected,undetected,undetected,undetected,undetected,undetected,malicious,undetected,malicious,undetected,undetected,undetected,type-unsupported,undetected,undetected,undetected,type-unsupported,undetected,undetected,undetected,undetected,failure,undetected,undetected,undetected,type-unsupported,undetected,undetected,type-unsupported,undetected,undetected,type-unsupported,undetected,undetected,undetected,undetected,undetected,type-unsupported,undetected,undetected,undetected,malicious,undetected,undetected,undetected,undetected
event-hubs-track-1-99.10.9,dataset1,77,undetected,type-unsupported,undetected,undetected,undetected,type-unsupported,undetected,undetected,undetected,type-unsupported,undetected,undetected,undetected,type-unsupported,undetected,undetected,undetected,undetected,undetected,undetected,type-unsupported,undetected,type-unsupported,undetected,undetected,type-unsupported,undetected,undetected,undetected,undetected,undetected,undetected,undetected,undetected,undetected,undetected,undetected,malicious,undetected,malicious,undetected,undetected,undetected,type-unsupported,undetected,undetected,undetected,type-unsupported,undetected,undetected,undetected,undetected,type-unsupported,undetected,undetected,undetected,type-unsupported,undetected,undetected,type-unsupported,undetected,undetected,type-unsupported,undetected,undetected,undetected,undetected,undetected,type-unsupported,undetected,undetected,undetected,malicious,undetected,undetected,undetected,undetected
perf-storage-file-share-99.10.9,dataset1,77,undetected,type-unsupported,undetected,undetected,undetected,type-unsupported,undetected,undetected,undetected,type-unsupported,undetected,timeout,undetected,type-unsupported,undetected,undetected,undetected,undetected,timeout,undetected,type-unsupported,undetected,type-unsupported,undetected,undetected,type-unsupported,undetected,undetected,undetected,undetected,undetected,undetected,undetected,undetected,undetected,undetected,undetected,malicious,undetected,malicious,undetected,undetected,undetected,type-unsupported,undetected,undetected,undetected,type-unsupported,undetected,undetected,undetected,timeout,type-unsupported,undetected,undetected,undetected,type-unsupported,undetected,undetected,type-unsupported,undetected,undetected,type-unsupported,undetected,undetected,undetected,undetected,undetected,type-unsupported,undetected,undetected,undetected,malicious,undetected,undetected,undetected,undetected
plugin-proposal-decorators-99.10.9,dataset1,77,undetected,type-unsupported,undetected,undetected,undetected,type-unsupported,undetected,undetected,undetected,type-unsupported,undetected,undetected,undetected,type-unsupported,undetected,undetected,undetected,undetected,undetected,undetected,type-unsupported,undetected,type-unsupported,undetected,undetected,type-unsupported,undetected,undetected,undetected,undetected,undetected,undetected,undetected,undetected,undetected,undetected,undetected,malicious,undetected,undetected,undetected,undetected,undetected,type-unsupported,undetected,undetected,undetected,type-unsupported,undetected,undetected,undetected,undetected,type-unsupported,undetected,undetected,undetected,type-unsupported,undetected,undetected,type-unsupported,undetected,undetected,type-unsupported,undetected,undetected,undetected,undetected,undetected,type-unsupported,undetected,undetected,undetected,malicious,undetected,undetected,undetected,undetected
plugin-transform-duplicate-keys-99.10.9,dataset1,77,undetected,type-unsupported,timeout,undetected,undetected,type-unsupported,undetected,undetected,timeout,type-unsupported,undetected,undetected,undetected,type-unsupported,undetected,undetected,undetected,undetected,timeout,undetected,type-unsupported,undetected,type-unsupported,undetected,undetected,type-unsupported,undetected,undetected,undetected,undetected,timeout,undetected,undetected,undetected,undetected,undetected,undetected,malicious,undetected,undetected,undetected,undetected,timeout,type-unsupported,undetected,undetected,undetected,type-unsupported,undetected,timeout,undetected,undetected,type-unsupported,timeout,undetected,undetected,type-unsupported,undetected,undetected,type-unsupported,undetected,undetected,type-unsupported,undetected,undetected,timeout,undetected,undetected,type-unsupported,undetected,undetected,undetected,malicious,undetected,undetected,undetected,undetected
spring-projects-6.0.2,dataset1,77,undetected,type-unsupported,undetected,undetected,undetected,type-unsupported,undetected,undetected,undetected,type-unsupported,undetected,undetected,undetected,type-unsupported,undetected,undetected,undetected,undetected,undetected,undetected,type-unsupported,undetected,type-unsupported,undetected,undetected,type-unsupported,undetected,undetected,undetected,undetected,undetected,undetected,undetected,undetected,undetected,undetected,undetected,undetected,undetected,undetected,undetected,undetected,undetected,type-unsupported,undetected,undetected,undetected,type-unsupported,undetected,undetected,undetected,undetected,type-unsupported,undetected,undetected,undetected,type-unsupported,undetected,undetected,type-unsupported,undetected,undetected,type-unsupported,undetected,failure,undetected,undetected,undetected,type-unsupported,undetected,undetected,undetected,undetected,undetected,undetected,undetected,undetected
cis_publishers-1.2.3,dataset1,77,undetected,type-unsupported,undetected,undetected,undetected,type-unsupported,undetected,undetected,undetected,type-unsupported,undetected,undetected,undetected,type-unsupported,undetected,undetected,undetected,undetected,undetected,undetected,type-unsupported,undetected,type-unsupported,undetected,undetected,type-unsupported,undetected,undetected,undetected,undetected,undetected,undetected,undetected,undetected,undetected,undetected,undetected,undetected,undetected,undetected,undetected,undetected,undetected,type-unsupported,undetected,undetected,undetected,type-unsupported,undetected,undetected,undetected,timeout,type-unsupported,undetected,undetected,undetected,type-unsupported,undetected,undetected,type-unsupported,undetected,undetected,type-unsupported,undetected,undetected,undetected,undetected,undetected,type-unsupported,undetected,undetected,undetected,undetected,undetected,undetected,undetected,undetected
pptest-999.0.14,dataset1,76,undetected,type-unsupported,undetected,undetected,undetected,type-unsupported,undetected,undetected,undetected,type-unsupported,undetected,undetected,undetected,type-unsupported,undetected,undetected,undetected,undetected,undetected,undetected,type-unsupported,undetected,type-unsupported,undetected,undetected,type-unsupported,undetected,undetected,undetected,undetected,undetected,undetected,undetected,undetected,undetected,undetected,undetected,undetected,undetected,undetected,undetected,undetected,undetected,type-unsupported,undetected,undetected,undetected,type-unsupported,undetected,undetected,undetected,undetected,type-unsupported,undetected,undetected,undetected,type-unsupported,undetected,undetected,type-unsupported,undetected,undetected,type-unsupported,undetected,undetected,undetected,undetected,undetected,type-unsupported,undetected,undetected,undetected,undetected,undetected,undetected,undetected,undetected
progresbar2-0.1,dataset1,77,undetected,type-unsupported,undetected,undetected,undetected,type-unsupported,undetected,undetected,undetected,type-unsupported,undetected,undetected,undetected,type-unsupported,undetected,undetected,undetected,undetected,undetected,undetected,type-unsupported,undetected,type-unsupported,undetected,undetected,type-unsupported,undetected,undetected,undetected,undetected,undetected,undetected,undetected,undetected,undetected,undetected,undetected,malicious,undetected,undetected,undetected,undetected,undetected,type-unsupported,undetected,undetected,undetected,type-unsupported,undetected,undetected,undetected,undetected,type-unsupported,undetected,undetected,undetected,type-unsupported,undetected,undetected,type-unsupported,undetected,undetected,type-unsupported,undetected,undetected,undetected,undetected,undetected,type-unsupported,undetected,undetected,undetected,malicious,undetected,undetected,undetected,undetected
randrange-0.0.0,dataset1,76,undetected,type-unsupported,undetected,undetected,undetected,type-unsupported,undetected,undetected,undetected,type-unsupported,undetected,undetected,undetected,type-unsupported,undetected,undetected,undetected,undetected,undetected,undetected,type-unsupported,undetected,type-unsupported,undetected,undetected,type-unsupported,undetected,undetected,undetected,undetected,undetected,undetected,undetected,undetected,undetected,undetected,undetected,undetected,undetected,undetected,undetected,undetected,undetected,type-unsupported,undetected,undetected,undetected,type-unsupported,undetected,undetected,undetected,undetected,type-unsupported,undetected,undetected,undetected,type-unsupported,undetected,undetected,type-unsupported,undetected,undetected,type-unsupported,undetected,undetected,undetected,undetected,undetected,type-unsupported,undetected,undetected,undetected,undetected,undetected,undetected,undetected,undetected
selfgetstudyram-10.3,dataset1,77,undetected,type-unsupported,undetected,undetected,undetected,type-unsupported,undetected,undetected,undetected,type-unsupported,undetected,undetected,undetected,type-unsupported,undetected,undetected,undetected,undetected,undetected,undetected,type-unsupported,undetected,type-unsupported,undetected,undetected,type-unsupported,undetected,undetected,undetected,undetected,undetected,undetected,undetected,undetected,failure,undetected,undetected,malicious,undetected,undetected,undetected,undetected,undetected,type-unsupported,undetected,undetected,undetected,type-unsupported,undetected,undetected,undetected,undetected,type-unsupported,undetected,undetected,undetected,type-unsupported,undetected,undetected,type-unsupported,undetected,undetected,type-unsupported,undetected,undetected,undetected,undetected,undetected,type-unsupported,undetected,undetected,undetected,malicious,undetected,undetected,undetected,undetected
settinginmaass-0.0.0,dataset1,77,undetected,type-unsupported,timeout,undetected,undetected,type-unsupported,undetected,undetected,timeout,type-unsupported,undetected,timeout,undetected,type-unsupported,undetected,undetected,undetected,undetected,timeout,undetected,type-unsupported,undetected,type-unsupported,undetected,undetected,type-unsupported,undetected,undetected,undetected,undetected,undetected,malicious,undetected,malicious,undetected,undetected,undetected,undetected,undetected,undetected,undetected,timeout,timeout,type-unsupported,undetected,undetected,undetected,type-unsupported,undetected,undetected,undetected,undetected,type-unsupported,undetected,undetected,undetected,type-unsupported,undetected,undetected,type-unsupported,timeout,undetected,type-unsupported,undetected,undetected,undetected,undetected,undetected,type-unsupported,undetected,undetected,undetected,undetected,undetected,undetected,undetected,undetected
simpleson-0.1,dataset1,77,undetected,type-unsupported,undetected,undetected,undetected,type-unsupported,undetected,undetected,undetected,type-unsupported,undetected,undetected,undetected,type-unsupported,undetected,undetected,undetected,undetected,undetected,undetected,type-unsupported,undetected,type-unsupported,undetected,undetected,type-unsupported,undetected,undetected,undetected,undetected,undetected,undetected,undetected,undetected,undetected,undetected,undetected,malicious,undetected,undetected,undetected,undetected,undetected,type-unsupported,undetected,undetected,undetected,type-unsupported,undetected,undetected,undetected,undetected,type-unsupported,undetected,undetected,undetected,type-unsupported,undetected,undetected,type-unsupported,undetected,undetected,type-unsupported,undetected,undetected,undetected,undetected,undetected,type-unsupported,undetected,undetected,undetected,malicious,undetected,undetected,undetected,undetected
the-batman-2022-watch-online-free-streaming-at-home-2.0.0,dataset1,77,undetected,type-unsupported,undetected,undetected,undetected,type-unsupported,undetected,undetected,undetected,type-unsupported,undetected,undetected,undetected,type-unsupported,undetected,undetected,undetected,undetected,undetected,undetected,type-unsupported,undetected,type-unsupported,undetected,undetected,type-unsupported,undetected,undetected,undetected,undetected,undetected,undetected,undetected,undetected,undetected,undetected,undetected,undetected,undetected,undetected,undetected,undetected,undetected,type-unsupported,undetected,undetected,undetected,type-unsupported,undetected,undetected,undetected,undetected,type-unsupported,undetected,undetected,undetected,type-unsupported,undetected,undetected,type-unsupported,undetected,undetected,type-unsupported,undetected,undetected,undetected,undetected,undetected,type-unsupported,undetected,undetected,undetected,undetected,undetected,undetected,undetected,undetected
tpstringintpong-8.96,dataset1,77,undetected,type-unsupported,undetected,undetected,undetected,type-unsupported,undetected,undetected,undetected,type-unsupported,undetected,undetected,undetected,type-unsupported,undetected,undetected,undetected,undetected,undetected,undetected,type-unsupported,undetected,type-unsupported,undetected,undetected,type-unsupported,undetected,undetected,undetected,undetected,undetected,undetected,undetected,undetected,undetected,undetected,undetected,malicious,undetected,undetected,undetected,undetected,undetected,type-unsupported,undetected,undetected,undetected,type-unsupported,undetected,undetected,undetected,undetected,type-unsupported,undetected,undetected,undetected,type-unsupported,undetected,undetected,type-unsupported,undetected,undetected,type-unsupported,undetected,undetected,undetected,undetected,undetected,type-unsupported,undetected,undetected,undetected,malicious,undetected,undetected,undetected,undetected
xolortpdcanegu-0.0.0,dataset1,77,malicious,type-unsupported,malicious,undetected,undetected,type-unsupported,undetected,malicious,malicious,type-unsupported,undetected,undetected,malicious,type-unsupported,undetected,undetected,undetected,malicious,undetected,undetected,type-unsupported,undetected,type-unsupported,undetected,malicious,type-unsupported,malicious,undetected,malicious,undetected,malicious,malicious,undetected,malicious,undetected,undetected,undetected,malicious,undetected,malicious,undetected,undetected,undetected,type-unsupported,undetected,undetected,undetected,type-unsupported,undetected,undetected,undetected,undetected,type-unsupported,undetected,undetected,malicious,type-unsupported,undetected,malicious,type-unsupported,undetected,undetected,type-unsupported,undetected,malicious,malicious,undetected,undetected,type-unsupported,undetected,undetected,undetected,malicious,undetected,undetected,malicious,undetected
aastra-xml_api-1.1.4,dataset1,77,undetected,type-unsupported,malicious,undetected,undetected,type-unsupported,malicious,undetected,malicious,type-unsupported,undetected,undetected,undetected,type-unsupported,undetected,undetected,undetected,undetected,undetected,undetected,type-unsupported,undetected,type-unsupported,undetected,undetected,type-unsupported,undetected,undetected,undetected,undetected,undetected,malicious,undetected,undetected,malicious,malicious,malicious,malicious,undetected,malicious,undetected,undetected,malicious,type-unsupported,undetected,undetected,malicious,type-unsupported,undetected,malicious,undetected,malicious,undetected,undetected,malicious,undetected,type-unsupported,undetected,undetected,type-unsupported,undetected,undetected,type-unsupported,undetected,undetected,malicious,undetected,undetected,type-unsupported,undetected,undetected,undetected,malicious,undetected,undetected,undetected,undetected
abbyy_cloud-0.0.10,dataset1,77,malicious,type-unsupported,malicious,undetected,undetected,type-unsupported,malicious,undetected,malicious,type-unsupported,malicious,undetected,undetected,type-unsupported,undetected,undetected,undetected,undetected,undetected,undetected,type-unsupported,malicious,type-unsupported,undetected,malicious,type-unsupported,undetected,malicious,undetected,malicious,undetected,malicious,undetected,malicious,malicious,malicious,malicious,malicious,undetected,malicious,undetected,undetected,malicious,type-unsupported,undetected,undetected,malicious,type-unsupported,malicious,malicious,undetected,malicious,undetected,undetected,malicious,malicious,type-unsupported,undetected,malicious,type-unsupported,undetected,undetected,type-unsupported,undetected,undetected,malicious,undetected,undetected,type-unsupported,undetected,undetected,undetected,malicious,undetected,undetected,undetected,undetected
activemerchant_clickandbuy-0.2.0,dataset1,77,malicious,type-unsupported,malicious,undetected,undetected,type-unsupported,malicious,undetected,malicious,type-unsupported,malicious,undetected,undetected,type-unsupported,undetected,undetected,undetected,undetected,undetected,undetected,type-unsupported,malicious,type-unsupported,undetected,malicious,type-unsupported,undetected,malicious,undetected,malicious,malicious,malicious,undetected,malicious,malicious,malicious,malicious,malicious,undetected,malicious,undetected,undetected,malicious,type-unsupported,undetected,undetected,malicious,type-unsupported,malicious,undetected,undetected,malicious,undetected,undetected,malicious,undetected,type-unsupported,undetected,undetected,type-unsupported,undetected,undetected,type-unsupported,undetected,undetected,malicious,undetected,undetected,type-unsupported,undetected,undetected,undetected,malicious,undetected,undetected,undetected,undetected
ardm_sqlite-adapter-1.2.0,dataset1,77,malicious,type-unsupported,malicious,undetected,undetected,type-unsupported,malicious,undetected,malicious,type-unsupported,malicious,undetected,undetected,type-unsupported,undetected,undetected,undetected,undetected,undetected,undetected,type-unsupported,malicious,type-unsupported,undetected,malicious,type-unsupported,undetected,malicious,undetected,malicious,undetected,malicious,undetected,malicious,malicious,malicious,malicious,malicious,undetected,malicious,undetected,undetected,malicious,type-unsupported,undetected,undetected,malicious,type-unsupported,malicious,malicious,undetected,malicious,undetected,undetected,malicious,malicious,type-unsupported,undetected,malicious,type-unsupported,undetected,undetected,type-unsupported,undetected,undetected,malicious,undetected,undetected,type-unsupported,malicious,undetected,undetected,malicious,undetected,undetected,undetected,undetected
atlas-client-0.0.2,dataset1,77,malicious,type-unsupported,malicious,undetected,undetected,type-unsupported,malicious,undetected,malicious,type-unsupported,malicious,undetected,undetected,type-unsupported,undetected,undetected,undetected,undetected,undetected,undetected,type-unsupported,malicious,type-unsupported,undetected,malicious,type-unsupported,undetected,malicious,undetected,malicious,malicious,malicious,undetected,malicious,malicious,malicious,malicious,malicious,undetected,malicious,undetected,undetected,malicious,type-unsupported,undetected,undetected,malicious,type-unsupported,malicious,malicious,undetected,malicious,undetected,undetected,malicious,malicious,type-unsupported,undetected,malicious,type-unsupported,undetected,undetected,type-unsupported,undetected,undetected,malicious,undetected,undetected,type-unsupported,undetected,undetected,undetected,malicious,undetected,undetected,undetected,undetected
beerdb-api-0.1.1,dataset1,77,undetected,type-unsupported,malicious,undetected,undetected,type-unsupported,malicious,undetected,malicious,type-unsupported,undetected,undetected,undetected,type-unsupported,undetected,undetected,undetected,undetected,undetected,undetected,type-unsupported,undetected,type-unsupported,undetected,undetected,type-unsupported,undetected,undetected,undetected,undetected,undetected,malicious,undetected,undetected,malicious,malicious,malicious,malicious,undetected,malicious,undetected,undetected,malicious,type-unsupported,undetected,undetected,malicious,type-unsupported,undetected,malicious,undetected,malicious,undetected,undetected,malicious,undetected,type-unsupported,undetected,undetected,type-unsupported,undetected,undetected,type-unsupported,undetected,undetected,malicious,undetected,undetected,type-unsupported,undetected,undetected,undetected,malicious,undetected,undetected,undetected,undetected
indonesian-province-0.0.2,dataset1,77,undetected,type-unsupported,malicious,undetected,undetected,type-unsupported,malicious,undetected,malicious,type-unsupported,undetected,undetected,undetected,type-unsupported,undetected,undetected,undetected,undetected,undetected,undetected,type-unsupported,undetected,type-unsupported,undetected,undetected,type-unsupported,undetected,undetected,undetected,undetected,undetected,malicious,undetected,undetected,malicious,malicious,malicious,malicious,undetected,malicious,undetected,undetected,malicious,type-unsupported,undetected,undetected,malicious,type-unsupported,undetected,malicious,undetected,malicious,undetected,undetected,malicious,undetected,type-unsupported,undetected,undetected,type-unsupported,undetected,undetected,type-unsupported,undetected,undetected,malicious,undetected,undetected,type-unsupported,undetected,undetected,undetected,malicious,undetected,undetected,undetected,undetected
moving-average-0.1.1,dataset1,77,undetected,type-unsupported,malicious,undetected,undetected,type-unsupported,malicious,undetected,malicious,type-unsupported,undetected,undetected,undetected,type-unsupported,undetected,undetected,undetected,undetected,undetected,undetected,type-unsupported,undetected,type-unsupported,undetected,undetected,type-unsupported,undetected,undetected,undetected,undetected,undetected,malicious,undetected,undetected,malicious,malicious,malicious,malicious,undetected,malicious,undetected,undetected,malicious,type-unsupported,undetected,undetected,malicious,type-unsupported,undetected,malicious,undetected,malicious,undetected,undetected,malicious,undetected,type-unsupported,undetected,undetected,type-unsupported,undetected,undetected,type-unsupported,undetected,undetected,malicious,undetected,undetected,type-unsupported,undetected,undetected,undetected,malicious,undetected,undetected,undetected,undetected
murmuring-spider-0.0.2,dataset1,0,undetected,undetected,undetected,undetected,undetected,undetected,undetected,undetected,undetected,undetected,undetected,undetected,undetected,undetected,undetected,undetected,undetected,undetected,undetected,undetected,undetected,undetected,undetected,undetected,undetected,undetected,undetected,undetected,undetected,undetected,undetected,undetected,undetected,undetected,undetected,undetected,undetected,undetected,undetected,undetected,undetected,undetected,undetected,undetected,undetected,undetected,undetected,undetected,undetected,undetected,undetected,undetected,undetected,undetected,undetected,undetected,undetected,undetected,undetected,undetected,undetected,undetected,undetected,undetected,undetected,undetected,undetected,undetected,undetected,undetected,undetected,undetected,undetected,undetected,undetected,undetected,undetected
add-position-99.10.9-r0,dataset2,77,undetected,type-unsupported,undetected,undetected,undetected,type-unsupported,undetected,undetected,undetected,type-unsupported,undetected,undetected,undetected,type-unsupported,undetected,undetected,undetected,undetected,undetected,undetected,type-unsupported,undetected,type-unsupported,undetected,undetected,type-unsupported,undetected,undetected,undetected,undetected,undetected,undetected,undetected,undetected,undetected,undetected,undetected,undetected,undetected,undetected,undetected,undetected,undetected,type-unsupported,undetected,undetected,undetected,type-unsupported,undetected,undetected,undetected,undetected,type-unsupported,undetected,undetected,undetected,type-unsupported,undetected,undetected,type-unsupported,undetected,undetected,type-unsupported,undetected,undetected,undetected,undetected,undetected,type-unsupported,undetected,undetected,undetected,undetected,undetected,undetected,undetected,undetected
call-with-safe-iteration-closing-99.10.13-r0,dataset2,77,undetected,type-unsupported,undetected,undetected,undetected,type-unsupported,undetected,undetected,undetected,type-unsupported,undetected,undetected,undetected,type-unsupported,undetected,undetected,undetected,undetected,timeout,undetected,type-unsupported,undetected,type-unsupported,undetected,undetected,type-unsupported,undetected,undetected,undetected,undetected,undetected,undetected,undetected,undetected,undetected,undetected,undetected,undetected,undetected,undetected,undetected,timeout,timeout,type-unsupported,undetected,undetected,undetected,type-unsupported,undetected,timeout,undetected,timeout,type-unsupported,undetected,undetected,undetected,type-unsupported,undetected,undetected,type-unsupported,undetected,undetected,type-unsupported,undetected,undetected,undetected,undetected,undetected,type-unsupported,undetected,undetected,undetected,undetected,undetected,undetected,undetected,undetected
cloudshelltest-99.10.9-r0,dataset2,77,undetected,type-unsupported,undetected,undetected,undetected,type-unsupported,undetected,undetected,undetected,type-unsupported,undetected,undetected,undetected,type-unsupported,undetected,undetected,undetected,undetected,undetected,undetected,type-unsupported,undetected,type-unsupported,undetected,undetected,type-unsupported,undetected,undetected,undetected,undetected,undetected,undetected,undetected,undetected,undetected,undetected,undetected,undetected,undetected,undetected,undetected,undetected,undetected,type-unsupported,undetected,undetected,undetected,type-unsupported,undetected,undetected,undetected,undetected,type-unsupported,undetected,undetected,undetected,type-unsupported,undetected,undetected,type-unsupported,undetected,undetected,type-unsupported,undetected,undetected,undetected,undetected,undetected,type-unsupported,undetected,undetected,undetected,undetected,undetected,undetected,undetected,undetected
eslint-config-eslint-5.0.2-r0,dataset2,77,undetected,type-unsupported,undetected,undetected,undetected,type-unsupported,undetected,undetected,undetected,type-unsupported,undetected,undetected,undetected,type-unsupported,undetected,undetected,undetected,undetected,undetected,undetected,type-unsupported,undetected,type-unsupported,undetected,undetected,type-unsupported,undetected,undetected,undetected,undetected,undetected,undetected,undetected,undetected,undetected,undetected,undetected,undetected,undetected,undetected,undetected,undetected,undetected,type-unsupported,undetected,undetected,undetected,type-unsupported,undetected,undetected,undetected,undetected,type-unsupported,undetected,undetected,undetected,type-unsupported,undetected,undetected,type-unsupported,undetected,undetected,type-unsupported,undetected,undetected,undetected,undetected,undetected,type-unsupported,undetected,undetected,undetected,undetected,undetected,undetected,undetected,undetected
ethers-4-99.10.9-r0,dataset2,77,undetected,type-unsupported,undetected,undetected,undetected,type-unsupported,undetected,undetected,undetected,type-unsupported,undetected,undetected,undetected,type-unsupported,undetected,undetected,undetected,undetected,undetected,undetected,type-unsupported,undetected,type-unsupported,undetected,undetected,type-unsupported,undetected,undetected,undetected,undetected,undetected,undetected,undetected,undetected,undetected,undetected,undetected,undetected,undetected,undetected,undetected,undetected,undetected,type-unsupported,undetected,undetected,undetected,type-unsupported,undetected,undetected,undetected,undetected,type-unsupported,undetected,undetected,undetected,type-unsupported,undetected,undetected,type-unsupported,undetected,undetected,type-unsupported,undetected,undetected,undetected,undetected,undetected,type-unsupported,undetected,undetected,undetected,undetected,undetected,undetected,undetected,undetected
event-hubs-track-1-99.10.9-r0,dataset2,77,undetected,type-unsupported,undetected,undetected,undetected,type-unsupported,undetected,undetected,undetected,type-unsupported,undetected,undetected,undetected,type-unsupported,undetected,undetected,undetected,undetected,undetected,undetected,type-unsupported,undetected,type-unsupported,undetected,undetected,type-unsupported,undetected,undetected,undetected,undetected,undetected,undetected,undetected,undetected,undetected,undetected,undetected,undetected,undetected,undetected,undetected,undetected,undetected,type-unsupported,undetected,undetected,undetected,type-unsupported,undetected,undetected,undetected,undetected,type-unsupported,undetected,undetected,undetected,type-unsupported,undetected,undetected,type-unsupported,undetected,undetected,type-unsupported,undetected,undetected,undetected,undetected,undetected,type-unsupported,undetected,undetected,undetected,undetected,undetected,undetected,undetected,undetected
perf-storage-file-share-99.10.9-r0,dataset2,76,undetected,type-unsupported,undetected,undetected,undetected,type-unsupported,undetected,undetected,undetected,type-unsupported,undetected,undetected,undetected,type-unsupported,undetected,undetected,undetected,undetected,undetected,undetected,type-unsupported,undetected,type-unsupported,undetected,undetected,type-unsupported,undetected,undetected,undetected,undetected,undetected,undetected,undetected,undetected,undetected,undetected,undetected,undetected,undetected,undetected,undetected,undetected,undetected,type-unsupported,undetected,undetected,undetected,type-unsupported,undetected,undetected,undetected,undetected,type-unsupported,undetected,undetected,undetected,type-unsupported,undetected,undetected,type-unsupported,undetected,undetected,type-unsupported,undetected,undetected,undetected,undetected,undetected,type-unsupported,undetected,undetected,undetected,undetected,undetected,undetected,undetected,undetected
plugin-transform-duplicate-keys-99.10.9-r0,dataset2,77,undetected,type-unsupported,undetected,undetected,undetected,type-unsupported,undetected,undetected,undetected,type-unsupported,undetected,undetected,undetected,type-unsupported,undetected,undetected,undetected,undetected,undetected,undetected,type-unsupported,undetected,type-unsupported,undetected,undetected,type-unsupported,undetected,undetected,undetected,undetected,undetected,undetected,undetected,undetected,undetected,undetected,undetected,undetected,undetected,undetected,undetected,undetected,undetected,type-unsupported,undetected,undetected,undetected,type-unsupported,undetected,undetected,undetected,undetected,type-unsupported,undetected,undetected,undetected,type-unsupported,undetected,undetected,type-unsupported,undetected,undetected,type-unsupported,undetected,undetected,undetected,undetected,undetected,type-unsupported,undetected,undetected,undetected,undetected,undetected,undetected,undetected,undetected
spring-projects-6.0.2-r0,dataset2,77,undetected,type-unsupported,timeout,undetected,undetected,type-unsupported,undetected,undetected,timeout,type-unsupported,undetected,undetected,timeout,type-unsupported,undetected,undetected,undetected,undetected,undetected,undetected,type-unsupported,undetected,failure,undetected,undetected,type-unsupported,undetected,undetected,undetected,undetected,timeout,timeout,undetected,undetected,undetected,undetected,undetected,undetected,undetected,undetected,undetected,undetected,undetected,type-unsupported,undetected,undetected,undetected,type-unsupported,undetected,timeout,undetected,undetected,failure,undetected,undetected,undetected,type-unsupported,undetected,undetected,type-unsupported,timeout,undetected,type-unsupported,undetected,undetected,undetected,undetected,undetected,failure,undetected,undetected,undetected,undetected,undetected,undetected,undetected,undetected
cis_publishers-1.2.3-r0,dataset2,77,undetected,type-unsupported,undetected,undetected,undetected,type-unsupported,undetected,undetected,undetected,type-unsupported,undetected,undetected,undetected,type-unsupported,undetected,undetected,undetected,undetected,undetected,undetected,type-unsupported,undetected,type-unsupported,undetected,undetected,type-unsupported,undetected,undetected,undetected,undetected,undetected,undetected,undetected,undetected,undetected,undetected,undetected,undetected,undetected,undetected,undetected,undetected,undetected,type-unsupported,undetected,undetected,undetected,type-unsupported,undetected,undetected,undetected,undetected,type-unsupported,undetected,undetected,undetected,type-unsupported,undetected,undetected,type-unsupported,undetected,undetected,type-unsupported,undetected,undetected,undetected,undetected,undetected,type-unsupported,undetected,undetected,undetected,undetected,undetected,undetected,undetected,undetected
pptest-999.0.14-r0,dataset2,0,undetected,undetected,undetected,undetected,undetected,undetected,undetected,undetected,undetected,undetected,undetected,undetected,undetected,undetected,undetected,undetected,undetected,undetected,undetected,undetected,undetected,undetected,undetected,undetected,undetected,undetected,undetected,undetected,undetected,undetected,undetected,undetected,undetected,undetected,undetected,undetected,undetected,undetected,undetected,undetected,undetected,undetected,undetected,undetected,undetected,undetected,undetected,undetected,undetected,undetected,undetected,undetected,undetected,undetected,undetected,undetected,undetected,undetected,undetected,undetected,undetected,undetected,undetected,undetected,undetected,undetected,undetected,undetected,undetected,undetected,undetected,undetected,undetected,undetected,undetected,undetected,undetected
progrsesbar2-0.1-r0,dataset2,77,undetected,type-unsupported,undetected,undetected,undetected,type-unsupported,undetected,undetected,undetected,type-unsupported,undetected,undetected,undetected,type-unsupported,undetected,undetected,undetected,undetected,undetected,undetected,type-unsupported,undetected,type-unsupported,undetected,undetected,type-unsupported,undetected,undetected,undetected,undetected,undetected,undetected,undetected,undetected,undetected,undetected,undetected,malicious,undetected,undetected,undetected,undetected,undetected,type-unsupported,undetected,undetected,undetected,type-unsupported,undetected,undetected,undetected,undetected,type-unsupported,undetected,undetected,undetected,type-unsupported,undetected,undetected,type-unsupported,undetected,undetected,type-unsupported,undetected,undetected,undetected,undetected,undetected,type-unsupported,undetected,undetected,undetected,malicious,undetected,undetected,undetected,undetected
randrange-0.0.0-r0,dataset2,77,undetected,type-unsupported,undetected,undetected,undetected,type-unsupported,undetected,undetected,undetected,type-unsupported,undetected,undetected,undetected,type-unsupported,undetected,undetected,undetected,undetected,undetected,undetected,type-unsupported,undetected,type-unsupported,undetected,undetected,type-unsupported,undetected,undetected,undetected,undetected,undetected,undetected,undetected,undetected,undetected,undetected,undetected,undetected,undetected,undetected,undetected,undetected,undetected,type-unsupported,undetected,undetected,undetected,type-unsupported,undetected,undetected,undetected,undetected,type-unsupported,undetected,undetected,undetected,type-unsupported,undetected,undetected,type-unsupported,undetected,undetected,type-unsupported,undetected,undetected,undetected,undetected,undetected,type-unsupported,undetected,undetected,undetected,undetected,undetected,undetected,undetected,undetected
selfgetstudyram-10.3-r0,dataset2,77,undetected,type-unsupported,undetected,undetected,undetected,type-unsupported,undetected,undetected,undetected,type-unsupported,undetected,undetected,undetected,type-unsupported,undetected,undetected,undetected,undetected,undetected,undetected,type-unsupported,undetected,type-unsupported,undetected,undetected,type-unsupported,undetected,undetected,undetected,undetected,undetected,undetected,undetected,undetected,undetected,undetected,undetected,malicious,undetected,undetected,undetected,undetected,undetected,type-unsupported,undetected,undetected,undetected,type-unsupported,undetected,undetected,undetected,undetected,undetected,undetected,undetected,undetected,type-unsupported,undetected,undetected,type-unsupported,undetected,undetected,type-unsupported,undetected,undetected,undetected,undetected,undetected,type-unsupported,undetected,undetected,undetected,malicious,undetected,undetected,undetected,undetected
settinginmaass-0.0.0-r0,dataset2,76,undetected,type-unsupported,failure,undetected,undetected,type-unsupported,undetected,undetected,failure,type-unsupported,undetected,undetected,undetected,type-unsupported,undetected,undetected,undetected,undetected,undetected,undetected,type-unsupported,undetected,type-unsupported,undetected,undetected,type-unsupported,undetected,undetected,undetected,undetected,undetected,malicious,undetected,malicious,undetected,undetected,undetected,malicious,undetected,undetected,undetected,undetected,failure,type-unsupported,undetected,undetected,undetected,type-unsupported,undetected,undetected,undetected,undetected,undetected,failure,undetected,undetected,type-unsupported,undetected,undetected,type-unsupported,undetected,undetected,type-unsupported,undetected,undetected,undetected,undetected,undetected,type-unsupported,undetected,undetected,undetected,malicious,undetected,undetected,undetected,undetected
simpleson-0.1,dataset2,76,undetected,type-unsupported,undetected,undetected,undetected,type-unsupported,undetected,undetected,undetected,type-unsupported,undetected,undetected,undetected,type-unsupported,undetected,undetected,undetected,undetected,undetected,undetected,type-unsupported,undetected,type-unsupported,undetected,undetected,type-unsupported,undetected,undetected,undetected,undetected,undetected,undetected,undetected,undetected,undetected,undetected,undetected,malicious,undetected,undetected,undetected,undetected,undetected,type-unsupported,undetected,undetected,undetected,type-unsupported,undetected,undetected,undetected,undetected,undetected,undetected,undetected,undetected,type-unsupported,undetected,undetected,type-unsupported,undetected,undetected,type-unsupported,undetected,undetected,undetected,undetected,undetected,type-unsupported,undetected,undetected,undetected,malicious,undetected,undetected,undetected,undetected
the-batman-2022-watch-online-free-streaming-at-home-2.0.0-r0,dataset2,77,timeout,type-unsupported,timeout,undetected,undetected,type-unsupported,undetected,timeout,timeout,type-unsupported,undetected,timeout,timeout,type-unsupported,undetected,timeout,undetected,timeout,timeout,undetected,type-unsupported,undetected,type-unsupported,timeout,timeout,type-unsupported,timeout,timeout,timeout,timeout,timeout,undetected,undetected,undetected,timeout,undetected,undetected,timeout,undetected,undetected,undetected,undetected,timeout,type-unsupported,undetected,undetected,undetected,type-unsupported,timeout,timeout,undetected,timeout,type-unsupported,timeout,timeout,undetected,type-unsupported,undetected,undetected,type-unsupported,timeout,timeout,type-unsupported,timeout,undetected,timeout,timeout,undetected,type-unsupported,undetected,undetected,timeout,timeout,undetected,timeout,undetected,undetected
tpstringintpong-8.96-r0,dataset2,77,undetected,type-unsupported,undetected,undetected,undetected,type-unsupported,undetected,undetected,undetected,type-unsupported,undetected,undetected,undetected,type-unsupported,undetected,undetected,undetected,undetected,undetected,undetected,type-unsupported,undetected,type-unsupported,undetected,undetected,type-unsupported,undetected,undetected,undetected,undetected,timeout,undetected,undetected,undetected,undetected,undetected,undetected,malicious,undetected,undetected,undetected,undetected,timeout,type-unsupported,undetected,undetected,undetected,type-unsupported,undetected,undetected,undetected,undetected,type-unsupported,timeout,undetected,undetected,type-unsupported,undetected,undetected,type-unsupported,undetected,undetected,type-unsupported,undetected,undetected,timeout,undetected,undetected,type-unsupported,undetected,undetected,undetected,malicious,undetected,undetected,undetected,undetected
xolortpdcanegu-0.0.0-r0,dataset2,76,undetected,type-unsupported,malicious,undetected,undetected,type-unsupported,undetected,malicious,malicious,type-unsupported,undetected,undetected,malicious,type-unsupported,undetected,undetected,undetected,malicious,timeout,undetected,type-unsupported,undetected,type-unsupported,undetected,malicious,type-unsupported,malicious,undetected,malicious,undetected,timeout,malicious,undetected,malicious,undetected,undetected,undetected,malicious,undetected,malicious,undetected,undetected,undetected,type-unsupported,undetected,undetected,undetected,type-unsupported,undetected,undetected,undetected,undetected,undetected,undetected,undetected,malicious,type-unsupported,undetected,malicious,type-unsupported,undetected,undetected,type-unsupported,undetected,malicious,malicious,undetected,undetected,type-unsupported,undetected,undetected,undetected,malicious,undetected,malicious,undetected,undetected
aastra-xml_api-1.1.4-r2,dataset2,77,undetected,type-unsupported,malicious,undetected,undetected,type-unsupported,malicious,undetected,malicious,type-unsupported,undetected,undetected,undetected,type-unsupported,undetected,undetected,undetected,undetected,failure,undetected,type-unsupported,undetected,type-unsupported,undetected,undetected,type-unsupported,undetected,undetected,undetected,undetected,undetected,undetected,undetected,undetected,malicious,malicious,malicious,malicious,undetected,malicious,undetected,undetected,undetected,type-unsupported,undetected,undetected,undetected,type-unsupported,undetected,undetected,undetected,malicious,undetected,undetected,malicious,undetected,type-unsupported,undetected,undetected,type-unsupported,undetected,undetected,type-unsupported,undetected,undetected,undetected,undetected,undetected,type-unsupported,undetected,undetected,malicious,malicious,undetected,undetected,undetected,undetected
abbyy_cloud-0.0.10-r2,dataset2,77,malicious,type-unsupported,malicious,undetected,undetected,type-unsupported,malicious,undetected,malicious,type-unsupported,malicious,undetected,timeout,type-unsupported,undetected,undetected,undetected,undetected,timeout,undetected,type-unsupported,malicious,type-unsupported,undetected,malicious,type-unsupported,undetected,malicious,undetected,malicious,timeout,malicious,undetected,malicious,malicious,malicious,malicious,malicious,undetected,undetected,undetected,undetected,undetected,type-unsupported,undetected,undetected,undetected,type-unsupported,malicious,undetected,undetected,undetected,undetected,failure,malicious,undetected,type-unsupported,undetected,undetected,type-unsupported,undetected,undetected,type-unsupported,undetected,undetected,undetected,undetected,undetected,type-unsupported,undetected,undetected,undetected,malicious,undetected,undetected,undetected,undetected
activemerchant_clickandbuy-0.2.0-r2,dataset2,77,timeout,type-unsupported,timeout,undetected,undetected,type-unsupported,undetected,timeout,timeout,type-unsupported,malicious,timeout,timeout,type-unsupported,undetected,undetected,undetected,timeout,timeout,undetected,type-unsupported,malicious,type-unsupported,undetected,malicious,type-unsupported,timeout,malicious,timeout,timeout,timeout,malicious,undetected,malicious,timeout,malicious,malicious,malicious,undetected,undetected,undetected,undetected,timeout,type-unsupported,undetected,undetected,undetected,type-unsupported,malicious,undetected,undetected,undetected,undetected,undetected,malicious,undetected,type-unsupported,undetected,undetected,type-unsupported,undetected,undetected,type-unsupported,undetected,undetected,undetected,undetected,undetected,type-unsupported,undetected,undetected,undetected,malicious,undetected,undetected,undetected,undetected
atlas-client-3.0-r2,dataset2,77,malicious,type-unsupported,malicious,undetected,undetected,type-unsupported,malicious,undetected,malicious,type-unsupported,malicious,undetected,undetected,type-unsupported,undetected,undetected,undetected,undetected,undetected,undetected,type-unsupported,malicious,type-unsupported,undetected,malicious,type-unsupported,undetected,malicious,undetected,malicious,undetected,malicious,undetected,malicious,malicious,malicious,malicious,malicious,undetected,malicious,undetected,undetected,undetected,type-unsupported,undetected,undetected,undetected,type-unsupported,malicious,undetected,undetected,malicious,undetected,undetected,malicious,undetected,type-unsupported,undetected,undetected,type-unsupported,undetected,undetected,type-unsupported,undetected,undetected,undetected,undetected,undetected,type-unsupported,undetected,undetected,undetected,malicious,undetected,undetected,undetected,undetected
auto-localize-3.0-r2,dataset2,77,malicious,type-unsupported,malicious,undetected,undetected,type-unsupported,malicious,undetected,malicious,type-unsupported,malicious,undetected,undetected,type-unsupported,undetected,undetected,undetected,undetected,undetected,undetected,type-unsupported,malicious,type-unsupported,undetected,malicious,type-unsupported,undetected,malicious,undetected,malicious,undetected,malicious,undetected,malicious,malicious,malicious,malicious,malicious,undetected,malicious,undetected,undetected,undetected,type-unsupported,undetected,undetected,undetected,type-unsupported,malicious,undetected,undetected,undetected,undetected,undetected,malicious,undetected,type-unsupported,undetected,undetected,type-unsupported,undetected,undetected,type-unsupported,undetected,undetected,undetected,undetected,undetected,type-unsupported,undetected,undetected,undetected,malicious,undetected,undetected,undetected,undetected
beerdb-api-0.1.1-r2,dataset2,77,undetected,type-unsupported,malicious,undetected,undetected,type-unsupported,malicious,undetected,malicious,type-unsupported,undetected,undetected,undetected,type-unsupported,undetected,undetected,undetected,undetected,undetected,undetected,type-unsupported,undetected,type-unsupported,undetected,undetected,type-unsupported,undetected,undetected,undetected,undetected,timeout,undetected,undetected,undetected,malicious,malicious,malicious,malicious,undetected,malicious,undetected,undetected,timeout,type-unsupported,undetected,undetected,undetected,type-unsupported,undetected,timeout,undetected,undetected,undetected,timeout,malicious,undetected,type-unsupported,undetected,undetected,type-unsupported,undetected,undetected,type-unsupported,undetected,undetected,undetected,undetected,timeout,type-unsupported,undetected,undetected,malicious,malicious,undetected,undetected,undetected,undetected
indonesian-province-0.0.2-r2,dataset2,77,undetected,type-unsupported,malicious,undetected,undetected,type-unsupported,malicious,undetected,malicious,type-unsupported,undetected,undetected,undetected,type-unsupported,undetected,undetected,undetected,undetected,failure,undetected,type-unsupported,undetected,failure,undetected,undetected,type-unsupported,undetected,undetected,undetected,undetected,undetected,undetected,undetected,undetected,malicious,malicious,malicious,malicious,undetected,malicious,undetected,undetected,undetected,type-unsupported,undetected,undetected,undetected,type-unsupported,undetected,undetected,undetected,malicious,undetected,undetected,malicious,undetected,type-unsupported,undetected,undetected,type-unsupported,undetected,undetected,type-unsupported,undetected,undetected,undetected,undetected,undetected,type-unsupported,undetected,undetected,undetected,malicious,undetected,undetected,undetected,undetected
moving-average-0.1.1-r2,dataset2,77,undetected,type-unsupported,malicious,undetected,undetected,type-unsupported,malicious,undetected,malicious,type-unsupported,undetected,undetected,undetected,type-unsupported,undetected,undetected,undetected,undetected,undetected,undetected,type-unsupported,undetected,type-unsupported,undetected,undetected,type-unsupported,undetected,undetected,undetected,undetected,undetected,undetected,undetected,undetected,malicious,malicious,malicious,malicious,undetected,malicious,undetected,undetected,undetected,type-unsupported,undetected,undetected,undetected,type-unsupported,undetected,undetected,undetected,malicious,undetected,undetected,malicious,undetected,type-unsupported,undetected,undetected,type-unsupported,undetected,undetected,type-unsupported,undetected,undetected,undetected,undetected,undetected,type-unsupported,undetected,undetected,undetected,malicious,undetected,undetected,undetected,undetected
anansi,dataset5,77,undetected,type-unsupported,undetected,undetected,undetected,type-unsupported,undetected,undetected,undetected,undetected,undetected,undetected,undetected,type-unsupported,undetected,undetected,undetected,undetected,undetected,undetected,type-unsupported,undetected,type-unsupported,undetected,undetected,undetected,undetected,undetected,undetected,undetected,undetected,undetected,undetected,undetected,undetected,undetected,undetected,undetected,undetected,undetected,undetected,undetected,undetected,type-unsupported,undetected,undetected,undetected,type-unsupported,undetected,undetected,undetected,undetected,undetected,undetected,undetected,undetected,type-unsupported,undetected,undetected,type-unsupported,undetected,undetected,type-unsupported,undetected,undetected,undetected,undetected,undetected,type-unsupported,undetected,undetected,undetected,undetected,undetected,undetected,undetected,undetected
anansi.apk,dataset5,77,undetected,type-unsupported,undetected,undetected,undetected,type-unsupported,undetected,undetected,undetected,type-unsupported,undetected,undetected,undetected,type-unsupported,undetected,undetected,undetected,undetected,undetected,undetected,type-unsupported,undetected,type-unsupported,undetected,undetected,type-unsupported,undetected,undetected,undetected,undetected,undetected,undetected,undetected,undetected,undetected,undetected,undetected,undetected,undetected,undetected,undetected,undetected,undetected,type-unsupported,undetected,undetected,undetected,type-unsupported,undetected,undetected,undetected,undetected,type-unsupported,undetected,undetected,undetected,type-unsupported,undetected,undetected,type-unsupported,undetected,undetected,type-unsupported,undetected,undetected,undetected,undetected,undetected,type-unsupported,undetected,undetected,undetected,undetected,undetected,undetected,undetected,undetected
anasi,dataset5,77,undetected,type-unsupported,undetected,undetected,undetected,type-unsupported,undetected,undetected,undetected,undetected,undetected,undetected,undetected,type-unsupported,undetected,undetected,undetected,undetected,undetected,undetected,type-unsupported,undetected,type-unsupported,undetected,undetected,undetected,undetected,undetected,undetected,undetected,undetected,undetected,undetected,undetected,undetected,undetected,undetected,undetected,undetected,undetected,undetected,undetected,undetected,type-unsupported,undetected,undetected,undetected,type-unsupported,undetected,undetected,undetected,undetected,undetected,undetected,undetected,undetected,type-unsupported,undetected,undetected,type-unsupported,undetected,undetected,type-unsupported,undetected,undetected,undetected,undetected,undetected,type-unsupported,undetected,undetected,undetected,undetected,undetected,undetected,undetected,undetected
Backdoor.Linux.Rootin.b-4.5.1-r0,dataset5,77,undetected,type-unsupported,undetected,undetected,undetected,type-unsupported,undetected,undetected,undetected,type-unsupported,undetected,undetected,undetected,type-unsupported,undetected,undetected,undetected,undetected,undetected,undetected,type-unsupported,undetected,type-unsupported,undetected,undetected,type-unsupported,undetected,undetected,undetected,undetected,undetected,undetected,undetected,undetected,undetected,undetected,undetected,undetected,undetected,undetected,undetected,undetected,undetected,type-unsupported,undetected,undetected,undetected,type-unsupported,undetected,undetected,undetected,undetected,type-unsupported,undetected,undetected,undetected,type-unsupported,undetected,undetected,type-unsupported,undetected,undetected,type-unsupported,undetected,undetected,undetected,undetected,undetected,type-unsupported,undetected,undetected,undetected,undetected,undetected,undetected,undetected,undetected
DoubleDragon,dataset5,77,undetected,type-unsupported,malicious,undetected,undetected,type-unsupported,undetected,undetected,malicious,undetected,undetected,undetected,undetected,type-unsupported,undetected,undetected,undetected,undetected,undetected,undetected,type-unsupported,undetected,type-unsupported,undetected,undetected,undetected,undetected,undetected,undetected,undetected,undetected,undetected,undetected,undetected,undetected,undetected,undetected,undetected,undetected,undetected,undetected,undetected,undetected,type-unsupported,undetected,undetected,undetected,type-unsupported,undetected,undetected,undetected,undetected,undetected,undetected,undetected,undetected,type-unsupported,undetected,undetected,type-unsupported,undetected,undetected,type-unsupported,undetected,undetected,undetected,undetected,undetected,type-unsupported,undetected,undetected,undetected,undetected,undetected,undetected,undetected,undetected
DoubleDragon.apk,dataset5,77,undetected,type-unsupported,malicious,undetected,undetected,type-unsupported,undetected,undetected,malicious,type-unsupported,undetected,undetected,undetected,type-unsupported,undetected,undetected,undetected,undetected,undetected,undetected,type-unsupported,undetected,type-unsupported,undetected,undetected,type-unsupported,undetected,undetected,undetected,undetected,undetected,undetected,undetected,undetected,undetected,undetected,undetected,undetected,undetected,undetected,undetected,undetected,undetected,type-unsupported,undetected,undetected,undetected,type-unsupported,undetected,undetected,undetected,undetected,type-unsupported,undetected,undetected,undetected,type-unsupported,undetected,undetected,type-unsupported,undetected,undetected,type-unsupported,undetected,undetected,undetected,undetected,undetected,type-unsupported,undetected,undetected,undetected,undetected,undetected,undetected,undetected,undetected
